This is pdfTeX, Version 3.141592653-2.6-1.40.26 (MiKTeX 24.4) (preloaded format=pdflatex 2025.1.7)  26 JUL 2025 06:00
entering extended mode
 restricted \write18 enabled.
 file:line:error style messages enabled.
 %&-line parsing enabled.
**c:/Users/flo/Documents/GitHub/SHG-THG_SpektroskopieVortrag_FlorianAdamczyk/praes/praes.tex
(c:/Users/flo/Documents/GitHub/SHG-THG_SpektroskopieVortrag_FlorianAdamczyk/praes/praes.tex
LaTeX2e <2024-11-01> patch level 1
L3 programming layer <2024-12-09>
(C:\Users\flo\AppData\Local\Programs\MiKTeX\tex/latex/beamer\beamer.cls
Document Class: beamer 2024/01/06 v3.71 A class for typesetting presentations
(C:\Users\flo\AppData\Local\Programs\MiKTeX\tex/latex/beamer\beamerbasemodes.sty (C:\Users\flo\AppData\Local\Programs\MiKTeX\tex/latex/etoolbox\etoolbox.sty
Package: etoolbox 2020/10/05 v2.5k e-TeX tools for LaTeX (JAW)
\etb@tempcnta=\count196
)
\beamer@tempbox=\box52
\beamer@tempcount=\count197
\c@beamerpauses=\count198
 (C:\Users\flo\AppData\Local\Programs\MiKTeX\tex/latex/beamer\beamerbasedecode.sty
\beamer@slideinframe=\count199
\beamer@minimum=\count266
\beamer@decode@box=\box53
)
\beamer@commentbox=\box54
\beamer@modecount=\count267
) (C:\Users\flo\AppData\Local\Programs\MiKTeX\tex/generic/iftex\iftex.sty
Package: iftex 2024/12/12 v1.0g TeX engine tests
)
\headdp=\dimen141
\footheight=\dimen142
\sidebarheight=\dimen143
\beamer@tempdim=\dimen144
\beamer@finalheight=\dimen145
\beamer@animht=\dimen146
\beamer@animdp=\dimen147
\beamer@animwd=\dimen148
\beamer@leftmargin=\dimen149
\beamer@rightmargin=\dimen150
\beamer@leftsidebar=\dimen151
\beamer@rightsidebar=\dimen152
\beamer@boxsize=\dimen153
\beamer@vboxoffset=\dimen154
\beamer@descdefault=\dimen155
\beamer@descriptionwidth=\dimen156
\beamer@lastskip=\skip49
\beamer@areabox=\box55
\beamer@animcurrent=\box56
\beamer@animshowbox=\box57
\beamer@sectionbox=\box58
\beamer@logobox=\box59
\beamer@linebox=\box60
\beamer@sectioncount=\count268
\beamer@subsubsectionmax=\count269
\beamer@subsectionmax=\count270
\beamer@sectionmax=\count271
\beamer@totalheads=\count272
\beamer@headcounter=\count273
\beamer@partstartpage=\count274
\beamer@sectionstartpage=\count275
\beamer@subsectionstartpage=\count276
\beamer@animationtempa=\count277
\beamer@animationtempb=\count278
\beamer@xpos=\count279
\beamer@ypos=\count280
\beamer@ypos@offset=\count281
\beamer@showpartnumber=\count282
\beamer@currentsubsection=\count283
\beamer@coveringdepth=\count284
\beamer@sectionadjust=\count285
\beamer@toclastsection=\count286
\beamer@tocsectionnumber=\count287
 (C:\Users\flo\AppData\Local\Programs\MiKTeX\tex/latex/beamer\beamerbaseoptions.sty (C:\Users\flo\AppData\Local\Programs\MiKTeX\tex/latex/graphics\keyval.sty
Package: keyval 2022/05/29 v1.15 key=value parser (DPC)
\KV@toks@=\toks17
))
\beamer@paperwidth=\skip50
\beamer@paperheight=\skip51
 (C:\Users\flo\AppData\Local\Programs\MiKTeX\tex/latex/geometry\geometry.sty
Package: geometry 2020/01/02 v5.9 Page Geometry
 (C:\Users\flo\AppData\Local\Programs\MiKTeX\tex/generic/iftex\ifvtex.sty
Package: ifvtex 2019/10/25 v1.7 ifvtex legacy package. Use iftex instead.
)
\Gm@cnth=\count288
\Gm@cntv=\count289
\c@Gm@tempcnt=\count290
\Gm@bindingoffset=\dimen157
\Gm@wd@mp=\dimen158
\Gm@odd@mp=\dimen159
\Gm@even@mp=\dimen160
\Gm@layoutwidth=\dimen161
\Gm@layoutheight=\dimen162
\Gm@layouthoffset=\dimen163
\Gm@layoutvoffset=\dimen164
\Gm@dimlist=\toks18
 (C:\Users\flo\AppData\Local\Programs\MiKTeX\tex/latex/geometry\geometry.cfg)) (C:\Users\flo\AppData\Local\Programs\MiKTeX\tex/latex/pgf/math\pgfmath.sty (C:\Users\flo\AppData\Local\Programs\MiKTeX\tex/latex/pgf/utilities\pgfrcs.sty (C:\Users\flo\AppData\Local\Programs\MiKTeX\tex/generic/pgf/utilities\pgfutil-common.tex
\pgfutil@everybye=\toks19
\pgfutil@tempdima=\dimen165
\pgfutil@tempdimb=\dimen166
) (C:\Users\flo\AppData\Local\Programs\MiKTeX\tex/generic/pgf/utilities\pgfutil-latex.def
\pgfutil@abb=\box61
) (C:\Users\flo\AppData\Local\Programs\MiKTeX\tex/generic/pgf/utilities\pgfrcs.code.tex (C:\Users\flo\AppData\Local\Programs\MiKTeX\tex/generic/pgf\pgf.revision.tex)
Package: pgfrcs 2023-01-15 v3.1.10 (3.1.10)
)) (C:\Users\flo\AppData\Local\Programs\MiKTeX\tex/latex/pgf/utilities\pgfkeys.sty (C:\Users\flo\AppData\Local\Programs\MiKTeX\tex/generic/pgf/utilities\pgfkeys.code.tex
\pgfkeys@pathtoks=\toks20
\pgfkeys@temptoks=\toks21
 (C:\Users\flo\AppData\Local\Programs\MiKTeX\tex/generic/pgf/utilities\pgfkeyslibraryfiltered.code.tex
\pgfkeys@tmptoks=\toks22
))) (C:\Users\flo\AppData\Local\Programs\MiKTeX\tex/generic/pgf/math\pgfmath.code.tex (C:\Users\flo\AppData\Local\Programs\MiKTeX\tex/generic/pgf/math\pgfmathutil.code.tex
\pgf@x=\dimen167
\pgf@xa=\dimen168
\pgf@xb=\dimen169
\pgf@xc=\dimen170
\pgf@y=\dimen171
\pgf@ya=\dimen172
\pgf@yb=\dimen173
\pgf@yc=\dimen174
\c@pgf@counta=\count291
\c@pgf@countb=\count292
\c@pgf@countc=\count293
\c@pgf@countd=\count294
) (C:\Users\flo\AppData\Local\Programs\MiKTeX\tex/generic/pgf/math\pgfmathparser.code.tex
\pgfmath@dimen=\dimen175
\pgfmath@count=\count295
\pgfmath@box=\box62
\pgfmath@toks=\toks23
\pgfmath@stack@operand=\toks24
\pgfmath@stack@operation=\toks25
) (C:\Users\flo\AppData\Local\Programs\MiKTeX\tex/generic/pgf/math\pgfmathfunctions.code.tex) (C:\Users\flo\AppData\Local\Programs\MiKTeX\tex/generic/pgf/math\pgfmathfunctions.basic.code.tex) (C:\Users\flo\AppData\Local\Programs\MiKTeX\tex/generic/pgf/math\pgfmathfunctions.trigonometric.code.tex) (C:\Users\flo\AppData\Local\Programs\MiKTeX\tex/generic/pgf/math\pgfmathfunctions.random.code.tex) (C:\Users\flo\AppData\Local\Programs\MiKTeX\tex/generic/pgf/math\pgfmathfunctions.comparison.code.tex) (C:\Users\flo\AppData\Local\Programs\MiKTeX\tex/generic/pgf/math\pgfmathfunctions.base.code.tex) (C:\Users\flo\AppData\Local\Programs\MiKTeX\tex/generic/pgf/math\pgfmathfunctions.round.code.tex) (C:\Users\flo\AppData\Local\Programs\MiKTeX\tex/generic/pgf/math\pgfmathfunctions.misc.code.tex) (C:\Users\flo\AppData\Local\Programs\MiKTeX\tex/generic/pgf/math\pgfmathfunctions.integerarithmetics.code.tex) (C:\Users\flo\AppData\Local\Programs\MiKTeX\tex/generic/pgf/math\pgfmathcalc.code.tex) (C:\Users\flo\AppData\Local\Programs\MiKTeX\tex/generic/pgf/math\pgfmathfloat.code.tex
\c@pgfmathroundto@lastzeros=\count296
))) (C:\Users\flo\AppData\Local\Programs\MiKTeX\tex/latex/base\size11.clo
File: size11.clo 2024/06/29 v1.4n Standard LaTeX file (size option)
) (C:\Users\flo\AppData\Local\Programs\MiKTeX\tex/latex/pgf/basiclayer\pgfcore.sty (C:\Users\flo\AppData\Local\Programs\MiKTeX\tex/latex/graphics\graphicx.sty
Package: graphicx 2021/09/16 v1.2d Enhanced LaTeX Graphics (DPC,SPQR)
 (C:\Users\flo\AppData\Local\Programs\MiKTeX\tex/latex/graphics\graphics.sty
Package: graphics 2024/08/06 v1.4g Standard LaTeX Graphics (DPC,SPQR)
 (C:\Users\flo\AppData\Local\Programs\MiKTeX\tex/latex/graphics\trig.sty
Package: trig 2023/12/02 v1.11 sin cos tan (DPC)
) (C:\Users\flo\AppData\Local\Programs\MiKTeX\tex/latex/graphics-cfg\graphics.cfg
File: graphics.cfg 2016/06/04 v1.11 sample graphics configuration
)
Package graphics Info: Driver file: pdftex.def on input line 106.
 (C:\Users\flo\AppData\Local\Programs\MiKTeX\tex/latex/graphics-def\pdftex.def
File: pdftex.def 2024/04/13 v1.2c Graphics/color driver for pdftex
))
\Gin@req@height=\dimen176
\Gin@req@width=\dimen177
) (C:\Users\flo\AppData\Local\Programs\MiKTeX\tex/latex/pgf/systemlayer\pgfsys.sty (C:\Users\flo\AppData\Local\Programs\MiKTeX\tex/generic/pgf/systemlayer\pgfsys.code.tex
Package: pgfsys 2023-01-15 v3.1.10 (3.1.10)
\pgf@x=\dimen178
\pgf@y=\dimen179
\pgf@xa=\dimen180
\pgf@ya=\dimen181
\pgf@xb=\dimen182
\pgf@yb=\dimen183
\pgf@xc=\dimen184
\pgf@yc=\dimen185
\pgf@xd=\dimen186
\pgf@yd=\dimen187
\w@pgf@writea=\write3
\r@pgf@reada=\read2
\c@pgf@counta=\count297
\c@pgf@countb=\count298
\c@pgf@countc=\count299
\c@pgf@countd=\count300
\t@pgf@toka=\toks26
\t@pgf@tokb=\toks27
\t@pgf@tokc=\toks28
\pgf@sys@id@count=\count301
 (C:\Users\flo\AppData\Local\Programs\MiKTeX\tex/generic/pgf/systemlayer\pgf.cfg
File: pgf.cfg 2023-01-15 v3.1.10 (3.1.10)
)
Driver file for pgf: pgfsys-pdftex.def
 (C:\Users\flo\AppData\Local\Programs\MiKTeX\tex/generic/pgf/systemlayer\pgfsys-pdftex.def
File: pgfsys-pdftex.def 2023-01-15 v3.1.10 (3.1.10)
 (C:\Users\flo\AppData\Local\Programs\MiKTeX\tex/generic/pgf/systemlayer\pgfsys-common-pdf.def
File: pgfsys-common-pdf.def 2023-01-15 v3.1.10 (3.1.10)
))) (C:\Users\flo\AppData\Local\Programs\MiKTeX\tex/generic/pgf/systemlayer\pgfsyssoftpath.code.tex
File: pgfsyssoftpath.code.tex 2023-01-15 v3.1.10 (3.1.10)
\pgfsyssoftpath@smallbuffer@items=\count302
\pgfsyssoftpath@bigbuffer@items=\count303
) (C:\Users\flo\AppData\Local\Programs\MiKTeX\tex/generic/pgf/systemlayer\pgfsysprotocol.code.tex
File: pgfsysprotocol.code.tex 2023-01-15 v3.1.10 (3.1.10)
)) (C:\Users\flo\AppData\Local\Programs\MiKTeX\tex/latex/xcolor\xcolor.sty
Package: xcolor 2024/09/29 v3.02 LaTeX color extensions (UK)
 (C:\Users\flo\AppData\Local\Programs\MiKTeX\tex/latex/graphics-cfg\color.cfg
File: color.cfg 2016/01/02 v1.6 sample color configuration
)
Package xcolor Info: Driver file: pdftex.def on input line 274.
 (C:\Users\flo\AppData\Local\Programs\MiKTeX\tex/latex/graphics\mathcolor.ltx)
Package xcolor Info: Model `cmy' substituted by `cmy0' on input line 1349.
Package xcolor Info: Model `hsb' substituted by `rgb' on input line 1353.
Package xcolor Info: Model `RGB' extended on input line 1365.
Package xcolor Info: Model `HTML' substituted by `rgb' on input line 1367.
Package xcolor Info: Model `Hsb' substituted by `hsb' on input line 1368.
Package xcolor Info: Model `tHsb' substituted by `hsb' on input line 1369.
Package xcolor Info: Model `HSB' substituted by `hsb' on input line 1370.
Package xcolor Info: Model `Gray' substituted by `gray' on input line 1371.
Package xcolor Info: Model `wave' substituted by `hsb' on input line 1372.
) (C:\Users\flo\AppData\Local\Programs\MiKTeX\tex/generic/pgf/basiclayer\pgfcore.code.tex
Package: pgfcore 2023-01-15 v3.1.10 (3.1.10)
 (C:\Users\flo\AppData\Local\Programs\MiKTeX\tex/generic/pgf/math\pgfint.code.tex) (C:\Users\flo\AppData\Local\Programs\MiKTeX\tex/generic/pgf/basiclayer\pgfcorepoints.code.tex
File: pgfcorepoints.code.tex 2023-01-15 v3.1.10 (3.1.10)
\pgf@picminx=\dimen188
\pgf@picmaxx=\dimen189
\pgf@picminy=\dimen190
\pgf@picmaxy=\dimen191
\pgf@pathminx=\dimen192
\pgf@pathmaxx=\dimen193
\pgf@pathminy=\dimen194
\pgf@pathmaxy=\dimen195
\pgf@xx=\dimen196
\pgf@xy=\dimen197
\pgf@yx=\dimen198
\pgf@yy=\dimen199
\pgf@zx=\dimen256
\pgf@zy=\dimen257
) (C:\Users\flo\AppData\Local\Programs\MiKTeX\tex/generic/pgf/basiclayer\pgfcorepathconstruct.code.tex
File: pgfcorepathconstruct.code.tex 2023-01-15 v3.1.10 (3.1.10)
\pgf@path@lastx=\dimen258
\pgf@path@lasty=\dimen259
) (C:\Users\flo\AppData\Local\Programs\MiKTeX\tex/generic/pgf/basiclayer\pgfcorepathusage.code.tex
File: pgfcorepathusage.code.tex 2023-01-15 v3.1.10 (3.1.10)
\pgf@shorten@end@additional=\dimen260
\pgf@shorten@start@additional=\dimen261
) (C:\Users\flo\AppData\Local\Programs\MiKTeX\tex/generic/pgf/basiclayer\pgfcorescopes.code.tex
File: pgfcorescopes.code.tex 2023-01-15 v3.1.10 (3.1.10)
\pgfpic=\box63
\pgf@hbox=\box64
\pgf@layerbox@main=\box65
\pgf@picture@serial@count=\count304
) (C:\Users\flo\AppData\Local\Programs\MiKTeX\tex/generic/pgf/basiclayer\pgfcoregraphicstate.code.tex
File: pgfcoregraphicstate.code.tex 2023-01-15 v3.1.10 (3.1.10)
\pgflinewidth=\dimen262
) (C:\Users\flo\AppData\Local\Programs\MiKTeX\tex/generic/pgf/basiclayer\pgfcoretransformations.code.tex
File: pgfcoretransformations.code.tex 2023-01-15 v3.1.10 (3.1.10)
\pgf@pt@x=\dimen263
\pgf@pt@y=\dimen264
\pgf@pt@temp=\dimen265
) (C:\Users\flo\AppData\Local\Programs\MiKTeX\tex/generic/pgf/basiclayer\pgfcorequick.code.tex
File: pgfcorequick.code.tex 2023-01-15 v3.1.10 (3.1.10)
) (C:\Users\flo\AppData\Local\Programs\MiKTeX\tex/generic/pgf/basiclayer\pgfcoreobjects.code.tex
File: pgfcoreobjects.code.tex 2023-01-15 v3.1.10 (3.1.10)
) (C:\Users\flo\AppData\Local\Programs\MiKTeX\tex/generic/pgf/basiclayer\pgfcorepathprocessing.code.tex
File: pgfcorepathprocessing.code.tex 2023-01-15 v3.1.10 (3.1.10)
) (C:\Users\flo\AppData\Local\Programs\MiKTeX\tex/generic/pgf/basiclayer\pgfcorearrows.code.tex
File: pgfcorearrows.code.tex 2023-01-15 v3.1.10 (3.1.10)
\pgfarrowsep=\dimen266
) (C:\Users\flo\AppData\Local\Programs\MiKTeX\tex/generic/pgf/basiclayer\pgfcoreshade.code.tex
File: pgfcoreshade.code.tex 2023-01-15 v3.1.10 (3.1.10)
\pgf@max=\dimen267
\pgf@sys@shading@range@num=\count305
\pgf@shadingcount=\count306
) (C:\Users\flo\AppData\Local\Programs\MiKTeX\tex/generic/pgf/basiclayer\pgfcoreimage.code.tex
File: pgfcoreimage.code.tex 2023-01-15 v3.1.10 (3.1.10)
) (C:\Users\flo\AppData\Local\Programs\MiKTeX\tex/generic/pgf/basiclayer\pgfcoreexternal.code.tex
File: pgfcoreexternal.code.tex 2023-01-15 v3.1.10 (3.1.10)
\pgfexternal@startupbox=\box66
) (C:\Users\flo\AppData\Local\Programs\MiKTeX\tex/generic/pgf/basiclayer\pgfcorelayers.code.tex
File: pgfcorelayers.code.tex 2023-01-15 v3.1.10 (3.1.10)
) (C:\Users\flo\AppData\Local\Programs\MiKTeX\tex/generic/pgf/basiclayer\pgfcoretransparency.code.tex
File: pgfcoretransparency.code.tex 2023-01-15 v3.1.10 (3.1.10)
) (C:\Users\flo\AppData\Local\Programs\MiKTeX\tex/generic/pgf/basiclayer\pgfcorepatterns.code.tex
File: pgfcorepatterns.code.tex 2023-01-15 v3.1.10 (3.1.10)
) (C:\Users\flo\AppData\Local\Programs\MiKTeX\tex/generic/pgf/basiclayer\pgfcorerdf.code.tex
File: pgfcorerdf.code.tex 2023-01-15 v3.1.10 (3.1.10)
))) (C:\Users\flo\AppData\Local\Programs\MiKTeX\tex/latex/pgf/utilities\xxcolor.sty
Package: xxcolor 2003/10/24 ver 0.1
\XC@nummixins=\count307
\XC@countmixins=\count308
) (C:\Users\flo\AppData\Local\Programs\MiKTeX\tex/latex/base\atbegshi-ltx.sty
Package: atbegshi-ltx 2021/01/10 v1.0c Emulation of the original atbegshi
package with kernel methods
) (C:\Users\flo\AppData\Local\Programs\MiKTeX\tex/latex/hyperref\hyperref.sty
Package: hyperref 2024-11-05 v7.01l Hypertext links for LaTeX
 (C:\Users\flo\AppData\Local\Programs\MiKTeX\tex/latex/kvsetkeys\kvsetkeys.sty
Package: kvsetkeys 2022-10-05 v1.19 Key value parser (HO)
) (C:\Users\flo\AppData\Local\Programs\MiKTeX\tex/generic/kvdefinekeys\kvdefinekeys.sty
Package: kvdefinekeys 2019-12-19 v1.6 Define keys (HO)
) (C:\Users\flo\AppData\Local\Programs\MiKTeX\tex/generic/pdfescape\pdfescape.sty
Package: pdfescape 2019/12/09 v1.15 Implements pdfTeX's escape features (HO)
 (C:\Users\flo\AppData\Local\Programs\MiKTeX\tex/generic/ltxcmds\ltxcmds.sty
Package: ltxcmds 2023-12-04 v1.26 LaTeX kernel commands for general use (HO)
) (C:\Users\flo\AppData\Local\Programs\MiKTeX\tex/generic/pdftexcmds\pdftexcmds.sty
Package: pdftexcmds 2020-06-27 v0.33 Utility functions of pdfTeX for LuaTeX (HO)
 (C:\Users\flo\AppData\Local\Programs\MiKTeX\tex/generic/infwarerr\infwarerr.sty
Package: infwarerr 2019/12/03 v1.5 Providing info/warning/error messages (HO)
)
Package pdftexcmds Info: \pdf@primitive is available.
Package pdftexcmds Info: \pdf@ifprimitive is available.
Package pdftexcmds Info: \pdfdraftmode found.
)) (C:\Users\flo\AppData\Local\Programs\MiKTeX\tex/latex/hycolor\hycolor.sty
Package: hycolor 2020-01-27 v1.10 Color options for hyperref/bookmark (HO)
) (C:\Users\flo\AppData\Local\Programs\MiKTeX\tex/latex/hyperref\nameref.sty
Package: nameref 2023-11-26 v2.56 Cross-referencing by name of section
 (C:\Users\flo\AppData\Local\Programs\MiKTeX\tex/latex/refcount\refcount.sty
Package: refcount 2019/12/15 v3.6 Data extraction from label references (HO)
) (C:\Users\flo\AppData\Local\Programs\MiKTeX\tex/generic/gettitlestring\gettitlestring.sty
Package: gettitlestring 2019/12/15 v1.6 Cleanup title references (HO)
 (C:\Users\flo\AppData\Local\Programs\MiKTeX\tex/latex/kvoptions\kvoptions.sty
Package: kvoptions 2022-06-15 v3.15 Key value format for package options (HO)
))
\c@section@level=\count309
) (C:\Users\flo\AppData\Local\Programs\MiKTeX\tex/generic/stringenc\stringenc.sty
Package: stringenc 2019/11/29 v1.12 Convert strings between diff. encodings (HO)
)
\@linkdim=\dimen268
\Hy@linkcounter=\count310
\Hy@pagecounter=\count311
 (C:\Users\flo\AppData\Local\Programs\MiKTeX\tex/latex/hyperref\pd1enc.def
File: pd1enc.def 2024-11-05 v7.01l Hyperref: PDFDocEncoding definition (HO)
Now handling font encoding PD1 ...
... no UTF-8 mapping file for font encoding PD1
) (C:\Users\flo\AppData\Local\Programs\MiKTeX\tex/generic/intcalc\intcalc.sty
Package: intcalc 2019/12/15 v1.3 Expandable calculations with integers (HO)
)
\Hy@SavedSpaceFactor=\count312
 (C:\Users\flo\AppData\Local\Programs\MiKTeX\tex/latex/hyperref\puenc.def
File: puenc.def 2024-11-05 v7.01l Hyperref: PDF Unicode definition (HO)
Now handling font encoding PU ...
... no UTF-8 mapping file for font encoding PU
)
Package hyperref Info: Option `bookmarks' set `true' on input line 4040.
Package hyperref Info: Option `bookmarksopen' set `true' on input line 4040.
Package hyperref Info: Option `implicit' set `false' on input line 4040.
Package hyperref Info: Hyper figures OFF on input line 4157.
Package hyperref Info: Link nesting OFF on input line 4162.
Package hyperref Info: Hyper index ON on input line 4165.
Package hyperref Info: Plain pages OFF on input line 4172.
Package hyperref Info: Backreferencing OFF on input line 4177.
Package hyperref Info: Implicit mode OFF; no redefinition of LaTeX internals.
Package hyperref Info: Bookmarks ON on input line 4424.
\c@Hy@tempcnt=\count313
 (C:\Users\flo\AppData\Local\Programs\MiKTeX\tex/latex/url\url.sty
\Urlmuskip=\muskip17
Package: url 2013/09/16  ver 3.4  Verb mode for urls, etc.
)
LaTeX Info: Redefining \url on input line 4763.
\XeTeXLinkMargin=\dimen269
 (C:\Users\flo\AppData\Local\Programs\MiKTeX\tex/generic/bitset\bitset.sty
Package: bitset 2019/12/09 v1.3 Handle bit-vector datatype (HO)
 (C:\Users\flo\AppData\Local\Programs\MiKTeX\tex/generic/bigintcalc\bigintcalc.sty
Package: bigintcalc 2019/12/15 v1.5 Expandable calculations on big integers (HO)
))
\Fld@menulength=\count314
\Field@Width=\dimen270
\Fld@charsize=\dimen271
Package hyperref Info: Hyper figures OFF on input line 6042.
Package hyperref Info: Link nesting OFF on input line 6047.
Package hyperref Info: Hyper index ON on input line 6050.
Package hyperref Info: backreferencing OFF on input line 6057.
Package hyperref Info: Link coloring OFF on input line 6062.
Package hyperref Info: Link coloring with OCG OFF on input line 6067.
Package hyperref Info: PDF/A mode OFF on input line 6072.
\Hy@abspage=\count315


Package hyperref Message: Stopped early.

)
Package hyperref Info: Driver (autodetected): hpdftex.
 (C:\Users\flo\AppData\Local\Programs\MiKTeX\tex/latex/hyperref\hpdftex.def
File: hpdftex.def 2024-11-05 v7.01l Hyperref driver for pdfTeX
 (C:\Users\flo\AppData\Local\Programs\MiKTeX\tex/latex/base\atveryend-ltx.sty
Package: atveryend-ltx 2020/08/19 v1.0a Emulation of the original atveryend package
with kernel methods
)
\Fld@listcount=\count316
\c@bookmark@seq@number=\count317
 (C:\Users\flo\AppData\Local\Programs\MiKTeX\tex/latex/rerunfilecheck\rerunfilecheck.sty
Package: rerunfilecheck 2022-07-10 v1.10 Rerun checks for auxiliary files (HO)
 (C:\Users\flo\AppData\Local\Programs\MiKTeX\tex/generic/uniquecounter\uniquecounter.sty
Package: uniquecounter 2019/12/15 v1.4 Provide unlimited unique counter (HO)
)
Package uniquecounter Info: New unique counter `rerunfilecheck' on input line 285.
)) (C:\Users\flo\AppData\Local\Programs\MiKTeX\tex/latex/beamer\beamerbaserequires.sty (C:\Users\flo\AppData\Local\Programs\MiKTeX\tex/latex/beamer\beamerbasecompatibility.sty) (C:\Users\flo\AppData\Local\Programs\MiKTeX\tex/latex/beamer\beamerbasefont.sty (C:\Users\flo\AppData\Local\Programs\MiKTeX\tex/latex/amsfonts\amssymb.sty
Package: amssymb 2013/01/14 v3.01 AMS font symbols
 (C:\Users\flo\AppData\Local\Programs\MiKTeX\tex/latex/amsfonts\amsfonts.sty
Package: amsfonts 2013/01/14 v3.01 Basic AMSFonts support
\@emptytoks=\toks29
\symAMSa=\mathgroup4
\symAMSb=\mathgroup5
LaTeX Font Info:    Redeclaring math symbol \hbar on input line 98.
LaTeX Font Info:    Overwriting math alphabet `\mathfrak' in version `bold'
(Font)                  U/euf/m/n --> U/euf/b/n on input line 106.
)) (C:\Users\flo\AppData\Local\Programs\MiKTeX\tex/latex/sansmathaccent\sansmathaccent.sty
Package: sansmathaccent 2020/01/31
 (C:\Users\flo\AppData\Local\Programs\MiKTeX\tex/latex/koma-script\scrlfile.sty
Package: scrlfile 2024/10/24 v3.43 KOMA-Script package (file load hooks)
 (C:\Users\flo\AppData\Local\Programs\MiKTeX\tex/latex/koma-script\scrlfile-hook.sty
Package: scrlfile-hook 2024/10/24 v3.43 KOMA-Script package (using LaTeX hooks)
 (C:\Users\flo\AppData\Local\Programs\MiKTeX\tex/latex/koma-script\scrlogo.sty
Package: scrlogo 2024/10/24 v3.43 KOMA-Script package (logo)
))))) (C:\Users\flo\AppData\Local\Programs\MiKTeX\tex/latex/beamer\beamerbasetranslator.sty (C:\Users\flo\AppData\Local\Programs\MiKTeX\tex/latex/translator\translator.sty
Package: translator 2021-05-31 v1.12d Easy translation of strings in LaTeX
)) (C:\Users\flo\AppData\Local\Programs\MiKTeX\tex/latex/beamer\beamerbasemisc.sty) (C:\Users\flo\AppData\Local\Programs\MiKTeX\tex/latex/beamer\beamerbasetwoscreens.sty) (C:\Users\flo\AppData\Local\Programs\MiKTeX\tex/latex/beamer\beamerbaseoverlay.sty
\beamer@argscount=\count318
\beamer@lastskipcover=\skip52
\beamer@trivlistdepth=\count319
) (C:\Users\flo\AppData\Local\Programs\MiKTeX\tex/latex/beamer\beamerbasetitle.sty) (C:\Users\flo\AppData\Local\Programs\MiKTeX\tex/latex/beamer\beamerbasesection.sty
\c@lecture=\count320
\c@part=\count321
\c@section=\count322
\c@subsection=\count323
\c@subsubsection=\count324
) (C:\Users\flo\AppData\Local\Programs\MiKTeX\tex/latex/beamer\beamerbaseframe.sty
\beamer@framebox=\box67
\beamer@frametitlebox=\box68
\beamer@zoombox=\box69
\beamer@zoomcount=\count325
\beamer@zoomframecount=\count326
\beamer@frametextheight=\dimen272
\c@subsectionslide=\count327
\beamer@frametopskip=\skip53
\beamer@framebottomskip=\skip54
\beamer@frametopskipautobreak=\skip55
\beamer@framebottomskipautobreak=\skip56
\beamer@envbody=\toks30
\framewidth=\dimen273
\c@framenumber=\count328
) (C:\Users\flo\AppData\Local\Programs\MiKTeX\tex/latex/beamer\beamerbaseverbatim.sty
\beamer@verbatimfileout=\write4
) (C:\Users\flo\AppData\Local\Programs\MiKTeX\tex/latex/beamer\beamerbaseframesize.sty
\beamer@splitbox=\box70
\beamer@autobreakcount=\count329
\beamer@autobreaklastheight=\dimen274
\beamer@frametitletoks=\toks31
\beamer@framesubtitletoks=\toks32
) (C:\Users\flo\AppData\Local\Programs\MiKTeX\tex/latex/beamer\beamerbaseframecomponents.sty
\beamer@footins=\box71
) (C:\Users\flo\AppData\Local\Programs\MiKTeX\tex/latex/beamer\beamerbasecolor.sty) (C:\Users\flo\AppData\Local\Programs\MiKTeX\tex/latex/beamer\beamerbasenotes.sty
\beamer@frameboxcopy=\box72
) (C:\Users\flo\AppData\Local\Programs\MiKTeX\tex/latex/beamer\beamerbasetoc.sty) (C:\Users\flo\AppData\Local\Programs\MiKTeX\tex/latex/beamer\beamerbasetemplates.sty
\beamer@sbttoks=\toks33
 (C:\Users\flo\AppData\Local\Programs\MiKTeX\tex/latex/beamer\beamerbaseauxtemplates.sty (C:\Users\flo\AppData\Local\Programs\MiKTeX\tex/latex/beamer\beamerbaseboxes.sty
\bmb@box=\box73
\bmb@colorbox=\box74
\bmb@boxwidth=\dimen275
\bmb@boxheight=\dimen276
\bmb@prevheight=\dimen277
\bmb@temp=\dimen278
\bmb@dima=\dimen279
\bmb@dimb=\dimen280
\bmb@prevheight=\dimen281
)
\beamer@blockheadheight=\dimen282
)) (C:\Users\flo\AppData\Local\Programs\MiKTeX\tex/latex/beamer\beamerbaselocalstructure.sty (C:\Users\flo\AppData\Local\Programs\MiKTeX\tex/latex/tools\enumerate.sty
Package: enumerate 2023/07/04 v3.00 enumerate extensions (DPC)
\@enLab=\toks34
)
\beamer@bibiconwidth=\skip57
\c@figure=\count330
\c@table=\count331
\abovecaptionskip=\skip58
\belowcaptionskip=\skip59
) (C:\Users\flo\AppData\Local\Programs\MiKTeX\tex/latex/beamer\beamerbasenavigation.sty (C:\Users\flo\AppData\Local\Programs\MiKTeX\tex/latex/beamer\beamerbasenavigationsymbols.tex)
\beamer@section@min@dim=\dimen283
) (C:\Users\flo\AppData\Local\Programs\MiKTeX\tex/latex/beamer\beamerbasetheorems.sty (C:\Users\flo\AppData\Local\Programs\MiKTeX\tex/latex/amsmath\amsmath.sty
Package: amsmath 2024/11/05 v2.17t AMS math features
\@mathmargin=\skip60

For additional information on amsmath, use the `?' option.
(C:\Users\flo\AppData\Local\Programs\MiKTeX\tex/latex/amsmath\amstext.sty
Package: amstext 2021/08/26 v2.01 AMS text
 (C:\Users\flo\AppData\Local\Programs\MiKTeX\tex/latex/amsmath\amsgen.sty
File: amsgen.sty 1999/11/30 v2.0 generic functions
\@emptytoks=\toks35
\ex@=\dimen284
)) (C:\Users\flo\AppData\Local\Programs\MiKTeX\tex/latex/amsmath\amsbsy.sty
Package: amsbsy 1999/11/29 v1.2d Bold Symbols
\pmbraise@=\dimen285
) (C:\Users\flo\AppData\Local\Programs\MiKTeX\tex/latex/amsmath\amsopn.sty
Package: amsopn 2022/04/08 v2.04 operator names
)
\inf@bad=\count332
LaTeX Info: Redefining \frac on input line 233.
\uproot@=\count333
\leftroot@=\count334
LaTeX Info: Redefining \overline on input line 398.
LaTeX Info: Redefining \colon on input line 409.
\classnum@=\count335
\DOTSCASE@=\count336
LaTeX Info: Redefining \ldots on input line 495.
LaTeX Info: Redefining \dots on input line 498.
LaTeX Info: Redefining \cdots on input line 619.
\Mathstrutbox@=\box75
\strutbox@=\box76
LaTeX Info: Redefining \big on input line 721.
LaTeX Info: Redefining \Big on input line 722.
LaTeX Info: Redefining \bigg on input line 723.
LaTeX Info: Redefining \Bigg on input line 724.
\big@size=\dimen286
LaTeX Font Info:    Redeclaring font encoding OML on input line 742.
LaTeX Font Info:    Redeclaring font encoding OMS on input line 743.
\macc@depth=\count337
LaTeX Info: Redefining \bmod on input line 904.
LaTeX Info: Redefining \pmod on input line 909.
LaTeX Info: Redefining \smash on input line 939.
LaTeX Info: Redefining \relbar on input line 969.
LaTeX Info: Redefining \Relbar on input line 970.
\c@MaxMatrixCols=\count338
\dotsspace@=\muskip18
\c@parentequation=\count339
\dspbrk@lvl=\count340
\tag@help=\toks36
\row@=\count341
\column@=\count342
\maxfields@=\count343
\andhelp@=\toks37
\eqnshift@=\dimen287
\alignsep@=\dimen288
\tagshift@=\dimen289
\tagwidth@=\dimen290
\totwidth@=\dimen291
\lineht@=\dimen292
\@envbody=\toks38
\multlinegap=\skip61
\multlinetaggap=\skip62
\mathdisplay@stack=\toks39
LaTeX Info: Redefining \[ on input line 2953.
LaTeX Info: Redefining \] on input line 2954.
) (C:\Users\flo\AppData\Local\Programs\MiKTeX\tex/latex/amscls\amsthm.sty
Package: amsthm 2020/05/29 v2.20.6
\thm@style=\toks40
\thm@bodyfont=\toks41
\thm@headfont=\toks42
\thm@notefont=\toks43
\thm@headpunct=\toks44
\thm@preskip=\skip63
\thm@postskip=\skip64
\thm@headsep=\skip65
\dth@everypar=\toks45
)
\c@theorem=\count344
) (C:\Users\flo\AppData\Local\Programs\MiKTeX\tex/latex/beamer\beamerbasethemes.sty)) (C:\Users\flo\AppData\Local\Programs\MiKTeX\tex/latex/beamer\beamerthemedefault.sty (C:\Users\flo\AppData\Local\Programs\MiKTeX\tex/latex/beamer\beamerfontthemedefault.sty) (C:\Users\flo\AppData\Local\Programs\MiKTeX\tex/latex/beamer\beamercolorthemedefault.sty) (C:\Users\flo\AppData\Local\Programs\MiKTeX\tex/latex/beamer\beamerinnerthemedefault.sty
\beamer@dima=\dimen293
\beamer@dimb=\dimen294
) (C:\Users\flo\AppData\Local\Programs\MiKTeX\tex/latex/beamer\beamerouterthemedefault.sty))) (C:\Users\flo\AppData\Local\Programs\MiKTeX\tex/latex/beamertheme-metropolis\beamerthememetropolis.sty
Package: beamerthememetropolis 2017/01/23 v1.2 Metropolis Beamer theme
 (C:\Users\flo\AppData\Local\Programs\MiKTeX\tex/latex/pgfopts\pgfopts.sty
Package: pgfopts 2014/07/10 v2.1a LaTeX package options with pgfkeys
\pgfopts@list@add@a@toks=\toks46
\pgfopts@list@add@b@toks=\toks47
) (C:\Users\flo\AppData\Local\Programs\MiKTeX\tex/latex/beamertheme-metropolis\beamerinnerthememetropolis.sty
Package: beamerinnerthememetropolis 2017/01/23 Metropolis inner theme
 (C:\Users\flo\AppData\Local\Programs\MiKTeX\tex/latex/tools\calc.sty
Package: calc 2023/07/08 v4.3 Infix arithmetic (KKT,FJ)
\calc@Acount=\count345
\calc@Bcount=\count346
\calc@Adimen=\dimen295
\calc@Bdimen=\dimen296
\calc@Askip=\skip66
\calc@Bskip=\skip67
LaTeX Info: Redefining \setlength on input line 80.
LaTeX Info: Redefining \addtolength on input line 81.
\calc@Ccount=\count347
\calc@Cskip=\skip68
) (C:\Users\flo\AppData\Local\Programs\MiKTeX\tex/latex/pgf/frontendlayer\tikz.sty (C:\Users\flo\AppData\Local\Programs\MiKTeX\tex/latex/pgf/basiclayer\pgf.sty
Package: pgf 2023-01-15 v3.1.10 (3.1.10)
 (C:\Users\flo\AppData\Local\Programs\MiKTeX\tex/generic/pgf/modules\pgfmoduleshapes.code.tex
File: pgfmoduleshapes.code.tex 2023-01-15 v3.1.10 (3.1.10)
\pgfnodeparttextbox=\box77
) (C:\Users\flo\AppData\Local\Programs\MiKTeX\tex/generic/pgf/modules\pgfmoduleplot.code.tex
File: pgfmoduleplot.code.tex 2023-01-15 v3.1.10 (3.1.10)
) (C:\Users\flo\AppData\Local\Programs\MiKTeX\tex/latex/pgf/compatibility\pgfcomp-version-0-65.sty
Package: pgfcomp-version-0-65 2023-01-15 v3.1.10 (3.1.10)
\pgf@nodesepstart=\dimen297
\pgf@nodesepend=\dimen298
) (C:\Users\flo\AppData\Local\Programs\MiKTeX\tex/latex/pgf/compatibility\pgfcomp-version-1-18.sty
Package: pgfcomp-version-1-18 2023-01-15 v3.1.10 (3.1.10)
)) (C:\Users\flo\AppData\Local\Programs\MiKTeX\tex/latex/pgf/utilities\pgffor.sty (C:\Users\flo\AppData\Local\Programs\MiKTeX\tex/generic/pgf/utilities\pgffor.code.tex
Package: pgffor 2023-01-15 v3.1.10 (3.1.10)
\pgffor@iter=\dimen299
\pgffor@skip=\dimen300
\pgffor@stack=\toks48
\pgffor@toks=\toks49
)) (C:\Users\flo\AppData\Local\Programs\MiKTeX\tex/generic/pgf/frontendlayer/tikz\tikz.code.tex
Package: tikz 2023-01-15 v3.1.10 (3.1.10)
 (C:\Users\flo\AppData\Local\Programs\MiKTeX\tex/generic/pgf/libraries\pgflibraryplothandlers.code.tex
File: pgflibraryplothandlers.code.tex 2023-01-15 v3.1.10 (3.1.10)
\pgf@plot@mark@count=\count348
\pgfplotmarksize=\dimen301
)
\tikz@lastx=\dimen302
\tikz@lasty=\dimen303
\tikz@lastxsaved=\dimen304
\tikz@lastysaved=\dimen305
\tikz@lastmovetox=\dimen306
\tikz@lastmovetoy=\dimen307
\tikzleveldistance=\dimen308
\tikzsiblingdistance=\dimen309
\tikz@figbox=\box78
\tikz@figbox@bg=\box79
\tikz@tempbox=\box80
\tikz@tempbox@bg=\box81
\tikztreelevel=\count349
\tikznumberofchildren=\count350
\tikznumberofcurrentchild=\count351
\tikz@fig@count=\count352
 (C:\Users\flo\AppData\Local\Programs\MiKTeX\tex/generic/pgf/modules\pgfmodulematrix.code.tex
File: pgfmodulematrix.code.tex 2023-01-15 v3.1.10 (3.1.10)
\pgfmatrixcurrentrow=\count353
\pgfmatrixcurrentcolumn=\count354
\pgf@matrix@numberofcolumns=\count355
)
\tikz@expandcount=\count356
 (C:\Users\flo\AppData\Local\Programs\MiKTeX\tex/generic/pgf/frontendlayer/tikz/libraries\tikzlibrarytopaths.code.tex
File: tikzlibrarytopaths.code.tex 2023-01-15 v3.1.10 (3.1.10)
)))
\metropolis@titleseparator@linewidth=\skip69
\metropolis@progressonsectionpage=\skip70
\metropolis@progressonsectionpage@linewidth=\skip71
\metropolis@blocksep=\skip72
\metropolis@blockadjust=\skip73
\metropolis@parskip=\skip74
) (C:\Users\flo\AppData\Local\Programs\MiKTeX\tex/latex/beamertheme-metropolis\beamerouterthememetropolis.sty
Package: beamerouterthememetropolis 2017/01/23 Metropolis outer theme
\metropolis@frametitle@padding=\skip75
\metropolis@progressinheadfoot=\skip76
\metropolis@progressinheadfoot@linewidth=\skip77
) (C:\Users\flo\AppData\Local\Programs\MiKTeX\tex/latex/beamertheme-metropolis\beamercolorthememetropolis.sty
Package: beamercolorthememetropolis 2017/01/23 Metropolis color theme
) (C:\Users\flo\AppData\Local\Programs\MiKTeX\tex/latex/beamertheme-metropolis\beamerfontthememetropolis.sty
Package: beamerfontthememetropolis 2017/01/23 Metropolis font theme
 (C:\Users\flo\AppData\Local\Programs\MiKTeX\tex/generic/iftex\ifxetex.sty
Package: ifxetex 2019/10/25 v0.7 ifxetex legacy package. Use iftex instead.
) (C:\Users\flo\AppData\Local\Programs\MiKTeX\tex/generic/iftex\ifluatex.sty
Package: ifluatex 2019/10/25 v1.5 ifluatex legacy package. Use iftex instead.
)

Package beamerthememetropolis Warning: You need to compile with XeLaTeX or LuaLaTeX to use the Fira fonts on input line 95.

)) (C:\Users\flo\AppData\Local\Programs\MiKTeX\tex/latex/beamer\beamerfontthemeprofessionalfonts.sty) (C:\Users\flo\AppData\Local\Programs\MiKTeX\tex/latex/base\fontenc.sty
Package: fontenc 2021/04/29 v2.0v Standard LaTeX package
) (C:\Users\flo\AppData\Local\Programs\MiKTeX\tex/generic/babel\babel.sty
Package: babel 2025/01/01 v25.1 The multilingual framework for pdfLaTeX, LuaLaTeX and XeLaTeX
\babel@savecnt=\count357
\U@D=\dimen310
\l@unhyphenated=\language79
 (C:\Users\flo\AppData\Local\Programs\MiKTeX\tex/generic/babel\txtbabel.def)
\bbl@readstream=\read3
LaTeX Info: Redefining \textlatin on input line 3834.
\bbl@dirlevel=\count358

*************************************
* Local config file bblopts.cfg used
*
(C:\Users\flo\AppData\Local\Programs\MiKTeX\tex/latex/arabi\bblopts.cfg
File: bblopts.cfg 2005/09/08 v0.1 add Arabic and Farsi to "declared" options of babel
) (C:\Users\flo\AppData\Local\Programs\MiKTeX\tex/latex/babel-german\ngerman.ldf
Language: ngerman 2024/12/10 v2.15 German support for babel (post-1996 orthography)
 (C:\Users\flo\AppData\Local\Programs\MiKTeX\tex/latex/babel-german\ngermanb.ldf
Language: ngermanb 2024/12/10 v2.15 German support for babel (post-1996 orthography)
Package babel Info: Making " an active character on input line 122.
))) (C:\Users\flo\AppData\Local\Programs\MiKTeX\tex/generic/babel/locale/de\babel-ngerman.tex
Package babel Info: Importing font and identification data for ngerman
(babel)             from babel-de.ini. Reported on input line 11.
) (C:\Users\flo\AppData\Local\Programs\MiKTeX\tex/latex/fira\FiraSans.sty
Package: FiraSans 2022/09/17 (Bob Tennent and autoinst) Style file for Fira Sans fonts.
 (C:\Users\flo\AppData\Local\Programs\MiKTeX\tex/latex/xkeyval\xkeyval.sty
Package: xkeyval 2022/06/16 v2.9 package option processing (HA)
 (C:\Users\flo\AppData\Local\Programs\MiKTeX\tex/generic/xkeyval\xkeyval.tex (C:\Users\flo\AppData\Local\Programs\MiKTeX\tex/generic/xkeyval\xkvutils.tex
\XKV@toks=\toks50
\XKV@tempa@toks=\toks51
)
\XKV@depth=\count359
File: xkeyval.tex 2014/12/03 v2.7a key=value parser (HA)
)) (C:\Users\flo\AppData\Local\Programs\MiKTeX\tex/latex/base\textcomp.sty
Package: textcomp 2024/04/24 v2.1b Standard LaTeX package
) (C:\Users\flo\AppData\Local\Programs\MiKTeX\tex/latex/fontaxes\fontaxes.sty
Package: fontaxes 2020/07/21 v1.0e Font selection axes
LaTeX Info: Redefining \upshape on input line 29.
LaTeX Info: Redefining \itshape on input line 31.
LaTeX Info: Redefining \slshape on input line 33.
LaTeX Info: Redefining \swshape on input line 35.
LaTeX Info: Redefining \scshape on input line 37.
LaTeX Info: Redefining \sscshape on input line 39.
LaTeX Info: Redefining \ulcshape on input line 41.
LaTeX Info: Redefining \textsw on input line 47.
LaTeX Info: Redefining \textssc on input line 48.
LaTeX Info: Redefining \textulc on input line 49.
)) (C:\Users\flo\AppData\Local\Programs\MiKTeX\tex/latex/biblatex\biblatex.sty
Package: biblatex 2024/03/21 v3.20 programmable bibliographies (PK/MW)
 (C:\Users\flo\AppData\Local\Programs\MiKTeX\tex/latex/logreq\logreq.sty
Package: logreq 2010/08/04 v1.0 xml request logger
\lrq@indent=\count360
 (C:\Users\flo\AppData\Local\Programs\MiKTeX\tex/latex/logreq\logreq.def
File: logreq.def 2010/08/04 v1.0 logreq spec v1.0
)) (C:\Users\flo\AppData\Local\Programs\MiKTeX\tex/latex/base\ifthen.sty
Package: ifthen 2024/03/16 v1.1e Standard LaTeX ifthen package (DPC)
)
\c@tabx@nest=\count361
\c@listtotal=\count362
\c@listcount=\count363
\c@liststart=\count364
\c@liststop=\count365
\c@citecount=\count366
\c@citetotal=\count367
\c@multicitecount=\count368
\c@multicitetotal=\count369
\c@instcount=\count370
\c@maxnames=\count371
\c@minnames=\count372
\c@maxitems=\count373
\c@minitems=\count374
\c@citecounter=\count375
\c@maxcitecounter=\count376
\c@savedcitecounter=\count377
\c@uniquelist=\count378
\c@uniquename=\count379
\c@refsection=\count380
\c@refsegment=\count381
\c@maxextratitle=\count382
\c@maxextratitleyear=\count383
\c@maxextraname=\count384
\c@maxextradate=\count385
\c@maxextraalpha=\count386
\c@abbrvpenalty=\count387
\c@highnamepenalty=\count388
\c@lownamepenalty=\count389
\c@maxparens=\count390
\c@parenlevel=\count391
\blx@tempcnta=\count392
\blx@tempcntb=\count393
\blx@tempcntc=\count394
\c@blx@maxsection=\count395
\blx@maxsegment@0=\count396
\blx@notetype=\count397
\blx@parenlevel@text=\count398
\blx@parenlevel@foot=\count399
\blx@sectionciteorder@0=\count400
\blx@sectionciteorderinternal@0=\count401
\blx@entrysetcounter=\count402
\blx@biblioinstance=\count403
\labelnumberwidth=\skip78
\labelalphawidth=\skip79
\biblabelsep=\skip80
\bibitemsep=\skip81
\bibnamesep=\skip82
\bibinitsep=\skip83
\bibparsep=\skip84
\bibhang=\skip85
\blx@bcfin=\read4
\blx@bcfout=\write5
\blx@langwohyphens=\language80
\c@mincomprange=\count404
\c@maxcomprange=\count405
\c@mincompwidth=\count406
Package biblatex Info: Trying to load biblatex default data model...
Package biblatex Info: ... file 'blx-dm.def' found.
 (C:\Users\flo\AppData\Local\Programs\MiKTeX\tex/latex/biblatex\blx-dm.def
File: blx-dm.def 2024/03/21 v3.20 biblatex datamodel (PK/MW)
)
Package biblatex Info: Trying to load biblatex style data model...
Package biblatex Info: ... file 'authoryear-comp.dbx' not found.
Package biblatex Info: Trying to load biblatex custom data model...
Package biblatex Info: ... file 'biblatex-dm.cfg' not found.
\c@afterword=\count407
\c@savedafterword=\count408
\c@annotator=\count409
\c@savedannotator=\count410
\c@author=\count411
\c@savedauthor=\count412
\c@bookauthor=\count413
\c@savedbookauthor=\count414
\c@commentator=\count415
\c@savedcommentator=\count416
\c@editor=\count417
\c@savededitor=\count418
\c@editora=\count419
\c@savededitora=\count420
\c@editorb=\count421
\c@savededitorb=\count422
\c@editorc=\count423
\c@savededitorc=\count424
\c@foreword=\count425
\c@savedforeword=\count426
\c@holder=\count427
\c@savedholder=\count428
\c@introduction=\count429
\c@savedintroduction=\count430
\c@namea=\count431
\c@savednamea=\count432
\c@nameb=\count433
\c@savednameb=\count434
\c@namec=\count435
\c@savednamec=\count436
\c@translator=\count437
\c@savedtranslator=\count438
\c@shortauthor=\count439
\c@savedshortauthor=\count440
\c@shorteditor=\count441
\c@savedshorteditor=\count442
\c@labelname=\count443
\c@savedlabelname=\count444
\c@institution=\count445
\c@savedinstitution=\count446
\c@lista=\count447
\c@savedlista=\count448
\c@listb=\count449
\c@savedlistb=\count450
\c@listc=\count451
\c@savedlistc=\count452
\c@listd=\count453
\c@savedlistd=\count454
\c@liste=\count455
\c@savedliste=\count456
\c@listf=\count457
\c@savedlistf=\count458
\c@location=\count459
\c@savedlocation=\count460
\c@organization=\count461
\c@savedorganization=\count462
\c@origlocation=\count463
\c@savedoriglocation=\count464
\c@origpublisher=\count465
\c@savedorigpublisher=\count466
\c@publisher=\count467
\c@savedpublisher=\count468
\c@language=\count469
\c@savedlanguage=\count470
\c@origlanguage=\count471
\c@savedoriglanguage=\count472
\c@pageref=\count473
\c@savedpageref=\count474
\shorthandwidth=\skip86
\shortjournalwidth=\skip87
\shortserieswidth=\skip88
\shorttitlewidth=\skip89
\shortauthorwidth=\skip90
\shorteditorwidth=\skip91
\locallabelnumberwidth=\skip92
\locallabelalphawidth=\skip93
\localshorthandwidth=\skip94
\localshortjournalwidth=\skip95
\localshortserieswidth=\skip96
\localshorttitlewidth=\skip97
\localshortauthorwidth=\skip98
\localshorteditorwidth=\skip99
Package biblatex Info: Trying to load compatibility code...
Package biblatex Info: ... file 'blx-compat.def' found.
 (C:\Users\flo\AppData\Local\Programs\MiKTeX\tex/latex/biblatex\blx-compat.def
File: blx-compat.def 2024/03/21 v3.20 biblatex compatibility (PK/MW)
)
Package biblatex Info: Trying to load generic definitions...
Package biblatex Info: ... file 'biblatex.def' found.
 (C:\Users\flo\AppData\Local\Programs\MiKTeX\tex/latex/biblatex\biblatex.def
File: biblatex.def 2024/03/21 v3.20 biblatex compatibility (PK/MW)
\c@textcitecount=\count475
\c@textcitetotal=\count476
\c@textcitemaxnames=\count477
\c@biburlbigbreakpenalty=\count478
\c@biburlbreakpenalty=\count479
\c@biburlnumpenalty=\count480
\c@biburlucpenalty=\count481
\c@biburllcpenalty=\count482
\biburlbigskip=\muskip19
\biburlnumskip=\muskip20
\biburlucskip=\muskip21
\biburllcskip=\muskip22
\c@smartand=\count483
)
Package biblatex Info: Trying to load bibliography style 'authoryear-comp'...
Package biblatex Info: ... file 'authoryear-comp.bbx' found.
 (C:\Users\flo\AppData\Local\Programs\MiKTeX\tex/latex/biblatex/bbx\authoryear-comp.bbx
File: authoryear-comp.bbx 2024/03/21 v3.20 biblatex bibliography style (PK/MW)
Package biblatex Info: Trying to load bibliography style 'authoryear'...
Package biblatex Info: ... file 'authoryear.bbx' found.
 (C:\Users\flo\AppData\Local\Programs\MiKTeX\tex/latex/biblatex/bbx\authoryear.bbx
File: authoryear.bbx 2024/03/21 v3.20 biblatex bibliography style (PK/MW)
Package biblatex Info: Trying to load bibliography style 'standard'...
Package biblatex Info: ... file 'standard.bbx' found.
 (C:\Users\flo\AppData\Local\Programs\MiKTeX\tex/latex/biblatex/bbx\standard.bbx
File: standard.bbx 2024/03/21 v3.20 biblatex bibliography style (PK/MW)
\c@bbx:relatedcount=\count484
\c@bbx:relatedtotal=\count485
)))
Package biblatex Info: Trying to load citation style 'authoryear-comp'...
Package biblatex Info: ... file 'authoryear-comp.cbx' found.
 (C:\Users\flo\AppData\Local\Programs\MiKTeX\tex/latex/biblatex/cbx\authoryear-comp.cbx
File: authoryear-comp.cbx 2024/03/21 v3.20 biblatex citation style (PK/MW)
Package biblatex Info: Redefining '\cite'.
Package biblatex Info: Redefining '\parencite'.
Package biblatex Info: Redefining '\footcite'.
Package biblatex Info: Redefining '\footcitetext'.
Package biblatex Info: Redefining '\smartcite'.
Package biblatex Info: Redefining '\textcite'.
Package biblatex Info: Redefining '\textcites'.
Package biblatex Info: Redefining '\cites'.
Package biblatex Info: Redefining '\parencites'.
Package biblatex Info: Redefining '\footcites'.
Package biblatex Info: Redefining '\footcitetexts'.
Package biblatex Info: Redefining '\smartcites'.
)
Package biblatex Info: Trying to load configuration file...
Package biblatex Info: ... file 'biblatex.cfg' found.
 (C:\Users\flo\AppData\Local\Programs\MiKTeX\tex/latex/biblatex\biblatex.cfg
File: biblatex.cfg 
)
Package biblatex Info: Input encoding 'utf8' detected.
Package biblatex Info: Document encoding is UTF8 ....
 (C:\Users\flo\AppData\Local\Programs\MiKTeX\tex/latex/l3kernel\expl3.sty
Package: expl3 2024-12-09 L3 programming layer (loader) 
 (C:\Users\flo\AppData\Local\Programs\MiKTeX\tex/latex/l3backend\l3backend-pdftex.def
File: l3backend-pdftex.def 2024-05-08 L3 backend support: PDF output (pdfTeX)
\l__color_backend_stack_int=\count486
\l__pdf_internal_box=\box82
))
Package biblatex Info: ... and expl3
(biblatex)             2024-12-09 L3 programming layer (loader) 
(biblatex)             is new enough (at least 2020/04/06),
(biblatex)             setting 'casechanger=expl3'.
 (C:\Users\flo\AppData\Local\Programs\MiKTeX\tex/latex/biblatex\blx-case-expl3.sty (C:\Users\flo\AppData\Local\Programs\MiKTeX\tex/latex/l3packages/xparse\xparse.sty
Package: xparse 2024-08-16 L3 Experimental document command parser
)
Package: blx-case-expl3 2024/03/21 v3.20 expl3 case changing code for biblatex
)) (C:\Users\flo\AppData\Local\Programs\MiKTeX\tex/latex/csquotes\csquotes.sty
Package: csquotes 2024-04-04 v5.2o context-sensitive quotations (JAW)
\csq@reset=\count487
\csq@gtype=\count488
\csq@glevel=\count489
\csq@qlevel=\count490
\csq@maxlvl=\count491
\csq@tshold=\count492
\csq@ltx@everypar=\toks52
 (C:\Users\flo\AppData\Local\Programs\MiKTeX\tex/latex/csquotes\csquotes.def
File: csquotes.def 2024-04-04 v5.2o csquotes generic definitions (JAW)
)
Package csquotes Info: Trying to load configuration file 'csquotes.cfg'...
Package csquotes Info: ... configuration file loaded successfully.
 (C:\Users\flo\AppData\Local\Programs\MiKTeX\tex/latex/csquotes\csquotes.cfg
File: csquotes.cfg 
)) (C:\Users\flo\AppData\Local\Programs\MiKTeX\tex/latex/textgreek\textgreek.sty
Package: textgreek 2011/10/09 v0.7 Greek symbols in text
Package textgreek Info: Loading the definitions for the Greek fontencoding. on input line 39.
 (C:\Users\flo\AppData\Local\Programs\MiKTeX\tex/latex/greek-fontenc\lgrenc.def
File: lgrenc.def 2023-09-12 2.5 LGR Greek font encoding definitions
Now handling font encoding LGR ...
... processing UTF-8 mapping file for font encoding LGR
 (C:\Users\flo\AppData\Local\Programs\MiKTeX\tex/latex/greek-inputenc\lgrenc.dfu
File: lgrenc.dfu 2023-03-21 1.9 UTF-8 support for Greek
   defining Unicode char U+00A8 (decimal 168)
   defining Unicode char U+00AB (decimal 171)
   defining Unicode char U+00AF (decimal 175)
   defining Unicode char U+00B4 (decimal 180)
   defining Unicode char U+00B7 (decimal 183)
   defining Unicode char U+00BB (decimal 187)
   defining Unicode char U+0259 (decimal 601)
   defining Unicode char U+02D8 (decimal 728)
   defining Unicode char U+0374 (decimal 884)
   defining Unicode char U+0375 (decimal 885)
   defining Unicode char U+037A (decimal 890)
   defining Unicode char U+037E (decimal 894)
   defining Unicode char U+0384 (decimal 900)
   defining Unicode char U+0385 (decimal 901)
   defining Unicode char U+0386 (decimal 902)
   defining Unicode char U+0387 (decimal 903)
   defining Unicode char U+0388 (decimal 904)
   defining Unicode char U+0389 (decimal 905)
   defining Unicode char U+038A (decimal 906)
   defining Unicode char U+038C (decimal 908)
   defining Unicode char U+038E (decimal 910)
   defining Unicode char U+038F (decimal 911)
   defining Unicode char U+0390 (decimal 912)
   defining Unicode char U+0391 (decimal 913)
   defining Unicode char U+0392 (decimal 914)
   defining Unicode char U+0393 (decimal 915)
   defining Unicode char U+0394 (decimal 916)
   defining Unicode char U+0395 (decimal 917)
   defining Unicode char U+0396 (decimal 918)
   defining Unicode char U+0397 (decimal 919)
   defining Unicode char U+0398 (decimal 920)
   defining Unicode char U+0399 (decimal 921)
   defining Unicode char U+039A (decimal 922)
   defining Unicode char U+039B (decimal 923)
   defining Unicode char U+039C (decimal 924)
   defining Unicode char U+039D (decimal 925)
   defining Unicode char U+039E (decimal 926)
   defining Unicode char U+039F (decimal 927)
   defining Unicode char U+03A0 (decimal 928)
   defining Unicode char U+03A1 (decimal 929)
   defining Unicode char U+03A3 (decimal 931)
   defining Unicode char U+03A4 (decimal 932)
   defining Unicode char U+03A5 (decimal 933)
   defining Unicode char U+03A6 (decimal 934)
   defining Unicode char U+03A7 (decimal 935)
   defining Unicode char U+03A8 (decimal 936)
   defining Unicode char U+03A9 (decimal 937)
   defining Unicode char U+03AA (decimal 938)
   defining Unicode char U+03AB (decimal 939)
   defining Unicode char U+03AC (decimal 940)
   defining Unicode char U+03AD (decimal 941)
   defining Unicode char U+03AE (decimal 942)
   defining Unicode char U+03AF (decimal 943)
   defining Unicode char U+03B0 (decimal 944)
   defining Unicode char U+03B1 (decimal 945)
   defining Unicode char U+03B2 (decimal 946)
   defining Unicode char U+03B3 (decimal 947)
   defining Unicode char U+03B4 (decimal 948)
   defining Unicode char U+03B5 (decimal 949)
   defining Unicode char U+03B6 (decimal 950)
   defining Unicode char U+03B7 (decimal 951)
   defining Unicode char U+03B8 (decimal 952)
   defining Unicode char U+03B9 (decimal 953)
   defining Unicode char U+03BA (decimal 954)
   defining Unicode char U+03BB (decimal 955)
   defining Unicode char U+03BC (decimal 956)
   defining Unicode char U+03BD (decimal 957)
   defining Unicode char U+03BE (decimal 958)
   defining Unicode char U+03BF (decimal 959)
   defining Unicode char U+03C0 (decimal 960)
   defining Unicode char U+03C1 (decimal 961)
   defining Unicode char U+03C2 (decimal 962)
   defining Unicode char U+03C3 (decimal 963)
   defining Unicode char U+03C4 (decimal 964)
   defining Unicode char U+03C5 (decimal 965)
   defining Unicode char U+03C6 (decimal 966)
   defining Unicode char U+03C7 (decimal 967)
   defining Unicode char U+03C8 (decimal 968)
   defining Unicode char U+03C9 (decimal 969)
   defining Unicode char U+03CA (decimal 970)
   defining Unicode char U+03CB (decimal 971)
   defining Unicode char U+03CC (decimal 972)
   defining Unicode char U+03CD (decimal 973)
   defining Unicode char U+03CE (decimal 974)
   defining Unicode char U+03D0 (decimal 976)
   defining Unicode char U+03D1 (decimal 977)
   defining Unicode char U+03D5 (decimal 981)
   defining Unicode char U+03D6 (decimal 982)
   defining Unicode char U+03D8 (decimal 984)
   defining Unicode char U+03D9 (decimal 985)
   defining Unicode char U+03DA (decimal 986)
   defining Unicode char U+03DB (decimal 987)
   defining Unicode char U+03DC (decimal 988)
   defining Unicode char U+03DD (decimal 989)
   defining Unicode char U+03DE (decimal 990)
   defining Unicode char U+03DF (decimal 991)
   defining Unicode char U+03E0 (decimal 992)
   defining Unicode char U+03E1 (decimal 993)
   defining Unicode char U+03F0 (decimal 1008)
   defining Unicode char U+03F1 (decimal 1009)
   defining Unicode char U+03F4 (decimal 1012)
   defining Unicode char U+03F5 (decimal 1013)
   defining Unicode char U+1F00 (decimal 7936)
   defining Unicode char U+1F01 (decimal 7937)
   defining Unicode char U+1F02 (decimal 7938)
   defining Unicode char U+1F03 (decimal 7939)
   defining Unicode char U+1F04 (decimal 7940)
   defining Unicode char U+1F05 (decimal 7941)
   defining Unicode char U+1F06 (decimal 7942)
   defining Unicode char U+1F07 (decimal 7943)
   defining Unicode char U+1F08 (decimal 7944)
   defining Unicode char U+1F09 (decimal 7945)
   defining Unicode char U+1F0A (decimal 7946)
   defining Unicode char U+1F0B (decimal 7947)
   defining Unicode char U+1F0C (decimal 7948)
   defining Unicode char U+1F0D (decimal 7949)
   defining Unicode char U+1F0E (decimal 7950)
   defining Unicode char U+1F0F (decimal 7951)
   defining Unicode char U+1F10 (decimal 7952)
   defining Unicode char U+1F11 (decimal 7953)
   defining Unicode char U+1F12 (decimal 7954)
   defining Unicode char U+1F13 (decimal 7955)
   defining Unicode char U+1F14 (decimal 7956)
   defining Unicode char U+1F15 (decimal 7957)
   defining Unicode char U+1F18 (decimal 7960)
   defining Unicode char U+1F19 (decimal 7961)
   defining Unicode char U+1F1A (decimal 7962)
   defining Unicode char U+1F1B (decimal 7963)
   defining Unicode char U+1F1C (decimal 7964)
   defining Unicode char U+1F1D (decimal 7965)
   defining Unicode char U+1F20 (decimal 7968)
   defining Unicode char U+1F21 (decimal 7969)
   defining Unicode char U+1F22 (decimal 7970)
   defining Unicode char U+1F23 (decimal 7971)
   defining Unicode char U+1F24 (decimal 7972)
   defining Unicode char U+1F25 (decimal 7973)
   defining Unicode char U+1F26 (decimal 7974)
   defining Unicode char U+1F27 (decimal 7975)
   defining Unicode char U+1F28 (decimal 7976)
   defining Unicode char U+1F29 (decimal 7977)
   defining Unicode char U+1F2A (decimal 7978)
   defining Unicode char U+1F2B (decimal 7979)
   defining Unicode char U+1F2C (decimal 7980)
   defining Unicode char U+1F2D (decimal 7981)
   defining Unicode char U+1F2E (decimal 7982)
   defining Unicode char U+1F2F (decimal 7983)
   defining Unicode char U+1F30 (decimal 7984)
   defining Unicode char U+1F31 (decimal 7985)
   defining Unicode char U+1F32 (decimal 7986)
   defining Unicode char U+1F33 (decimal 7987)
   defining Unicode char U+1F34 (decimal 7988)
   defining Unicode char U+1F35 (decimal 7989)
   defining Unicode char U+1F36 (decimal 7990)
   defining Unicode char U+1F37 (decimal 7991)
   defining Unicode char U+1F38 (decimal 7992)
   defining Unicode char U+1F39 (decimal 7993)
   defining Unicode char U+1F3A (decimal 7994)
   defining Unicode char U+1F3B (decimal 7995)
   defining Unicode char U+1F3C (decimal 7996)
   defining Unicode char U+1F3D (decimal 7997)
   defining Unicode char U+1F3E (decimal 7998)
   defining Unicode char U+1F3F (decimal 7999)
   defining Unicode char U+1F40 (decimal 8000)
   defining Unicode char U+1F41 (decimal 8001)
   defining Unicode char U+1F42 (decimal 8002)
   defining Unicode char U+1F43 (decimal 8003)
   defining Unicode char U+1F44 (decimal 8004)
   defining Unicode char U+1F45 (decimal 8005)
   defining Unicode char U+1F48 (decimal 8008)
   defining Unicode char U+1F49 (decimal 8009)
   defining Unicode char U+1F4A (decimal 8010)
   defining Unicode char U+1F4B (decimal 8011)
   defining Unicode char U+1F4C (decimal 8012)
   defining Unicode char U+1F4D (decimal 8013)
   defining Unicode char U+1F50 (decimal 8016)
   defining Unicode char U+1F51 (decimal 8017)
   defining Unicode char U+1F52 (decimal 8018)
   defining Unicode char U+1F53 (decimal 8019)
   defining Unicode char U+1F54 (decimal 8020)
   defining Unicode char U+1F55 (decimal 8021)
   defining Unicode char U+1F56 (decimal 8022)
   defining Unicode char U+1F57 (decimal 8023)
   defining Unicode char U+1F59 (decimal 8025)
   defining Unicode char U+1F5B (decimal 8027)
   defining Unicode char U+1F5D (decimal 8029)
   defining Unicode char U+1F5F (decimal 8031)
   defining Unicode char U+1F60 (decimal 8032)
   defining Unicode char U+1F61 (decimal 8033)
   defining Unicode char U+1F62 (decimal 8034)
   defining Unicode char U+1F63 (decimal 8035)
   defining Unicode char U+1F64 (decimal 8036)
   defining Unicode char U+1F65 (decimal 8037)
   defining Unicode char U+1F66 (decimal 8038)
   defining Unicode char U+1F67 (decimal 8039)
   defining Unicode char U+1F68 (decimal 8040)
   defining Unicode char U+1F69 (decimal 8041)
   defining Unicode char U+1F6A (decimal 8042)
   defining Unicode char U+1F6B (decimal 8043)
   defining Unicode char U+1F6C (decimal 8044)
   defining Unicode char U+1F6D (decimal 8045)
   defining Unicode char U+1F6E (decimal 8046)
   defining Unicode char U+1F6F (decimal 8047)
   defining Unicode char U+1F70 (decimal 8048)
   defining Unicode char U+1F71 (decimal 8049)
   defining Unicode char U+1F72 (decimal 8050)
   defining Unicode char U+1F73 (decimal 8051)
   defining Unicode char U+1F74 (decimal 8052)
   defining Unicode char U+1F75 (decimal 8053)
   defining Unicode char U+1F76 (decimal 8054)
   defining Unicode char U+1F77 (decimal 8055)
   defining Unicode char U+1F78 (decimal 8056)
   defining Unicode char U+1F79 (decimal 8057)
   defining Unicode char U+1F7A (decimal 8058)
   defining Unicode char U+1F7B (decimal 8059)
   defining Unicode char U+1F7C (decimal 8060)
   defining Unicode char U+1F7D (decimal 8061)
   defining Unicode char U+1F80 (decimal 8064)
   defining Unicode char U+1F81 (decimal 8065)
   defining Unicode char U+1F82 (decimal 8066)
   defining Unicode char U+1F83 (decimal 8067)
   defining Unicode char U+1F84 (decimal 8068)
   defining Unicode char U+1F85 (decimal 8069)
   defining Unicode char U+1F86 (decimal 8070)
   defining Unicode char U+1F87 (decimal 8071)
   defining Unicode char U+1F88 (decimal 8072)
   defining Unicode char U+1F89 (decimal 8073)
   defining Unicode char U+1F8A (decimal 8074)
   defining Unicode char U+1F8B (decimal 8075)
   defining Unicode char U+1F8C (decimal 8076)
   defining Unicode char U+1F8D (decimal 8077)
   defining Unicode char U+1F8E (decimal 8078)
   defining Unicode char U+1F8F (decimal 8079)
   defining Unicode char U+1F90 (decimal 8080)
   defining Unicode char U+1F91 (decimal 8081)
   defining Unicode char U+1F92 (decimal 8082)
   defining Unicode char U+1F93 (decimal 8083)
   defining Unicode char U+1F94 (decimal 8084)
   defining Unicode char U+1F95 (decimal 8085)
   defining Unicode char U+1F96 (decimal 8086)
   defining Unicode char U+1F97 (decimal 8087)
   defining Unicode char U+1F98 (decimal 8088)
   defining Unicode char U+1F99 (decimal 8089)
   defining Unicode char U+1F9A (decimal 8090)
   defining Unicode char U+1F9B (decimal 8091)
   defining Unicode char U+1F9C (decimal 8092)
   defining Unicode char U+1F9D (decimal 8093)
   defining Unicode char U+1F9E (decimal 8094)
   defining Unicode char U+1F9F (decimal 8095)
   defining Unicode char U+1FA0 (decimal 8096)
   defining Unicode char U+1FA1 (decimal 8097)
   defining Unicode char U+1FA2 (decimal 8098)
   defining Unicode char U+1FA3 (decimal 8099)
   defining Unicode char U+1FA4 (decimal 8100)
   defining Unicode char U+1FA5 (decimal 8101)
   defining Unicode char U+1FA6 (decimal 8102)
   defining Unicode char U+1FA7 (decimal 8103)
   defining Unicode char U+1FA8 (decimal 8104)
   defining Unicode char U+1FA9 (decimal 8105)
   defining Unicode char U+1FAA (decimal 8106)
   defining Unicode char U+1FAB (decimal 8107)
   defining Unicode char U+1FAC (decimal 8108)
   defining Unicode char U+1FAD (decimal 8109)
   defining Unicode char U+1FAE (decimal 8110)
   defining Unicode char U+1FAF (decimal 8111)
   defining Unicode char U+1FB0 (decimal 8112)
   defining Unicode char U+1FB1 (decimal 8113)
   defining Unicode char U+1FB2 (decimal 8114)
   defining Unicode char U+1FB3 (decimal 8115)
   defining Unicode char U+1FB4 (decimal 8116)
   defining Unicode char U+1FB6 (decimal 8118)
   defining Unicode char U+1FB7 (decimal 8119)
   defining Unicode char U+1FB8 (decimal 8120)
   defining Unicode char U+1FB9 (decimal 8121)
   defining Unicode char U+1FBA (decimal 8122)
   defining Unicode char U+1FBB (decimal 8123)
   defining Unicode char U+1FBC (decimal 8124)
   defining Unicode char U+1FBD (decimal 8125)
   defining Unicode char U+1FBE (decimal 8126)
   defining Unicode char U+1FBF (decimal 8127)
   defining Unicode char U+1FC0 (decimal 8128)
   defining Unicode char U+1FC1 (decimal 8129)
   defining Unicode char U+1FC2 (decimal 8130)
   defining Unicode char U+1FC3 (decimal 8131)
   defining Unicode char U+1FC4 (decimal 8132)
   defining Unicode char U+1FC6 (decimal 8134)
   defining Unicode char U+1FC7 (decimal 8135)
   defining Unicode char U+1FC8 (decimal 8136)
   defining Unicode char U+1FC9 (decimal 8137)
   defining Unicode char U+1FCA (decimal 8138)
   defining Unicode char U+1FCB (decimal 8139)
   defining Unicode char U+1FCC (decimal 8140)
   defining Unicode char U+1FCD (decimal 8141)
   defining Unicode char U+1FCE (decimal 8142)
   defining Unicode char U+1FCF (decimal 8143)
   defining Unicode char U+1FD0 (decimal 8144)
   defining Unicode char U+1FD1 (decimal 8145)
   defining Unicode char U+1FD2 (decimal 8146)
   defining Unicode char U+1FD3 (decimal 8147)
   defining Unicode char U+1FD6 (decimal 8150)
   defining Unicode char U+1FD7 (decimal 8151)
   defining Unicode char U+1FD8 (decimal 8152)
   defining Unicode char U+1FD9 (decimal 8153)
   defining Unicode char U+1FDA (decimal 8154)
   defining Unicode char U+1FDB (decimal 8155)
   defining Unicode char U+1FDD (decimal 8157)
   defining Unicode char U+1FDE (decimal 8158)
   defining Unicode char U+1FDF (decimal 8159)
   defining Unicode char U+1FE0 (decimal 8160)
   defining Unicode char U+1FE1 (decimal 8161)
   defining Unicode char U+1FE2 (decimal 8162)
   defining Unicode char U+1FE3 (decimal 8163)
   defining Unicode char U+1FE4 (decimal 8164)
   defining Unicode char U+1FE5 (decimal 8165)
   defining Unicode char U+1FE6 (decimal 8166)
   defining Unicode char U+1FE7 (decimal 8167)
   defining Unicode char U+1FE8 (decimal 8168)
   defining Unicode char U+1FE9 (decimal 8169)
   defining Unicode char U+1FEA (decimal 8170)
   defining Unicode char U+1FEB (decimal 8171)
   defining Unicode char U+1FEC (decimal 8172)
   defining Unicode char U+1FED (decimal 8173)
   defining Unicode char U+1FEE (decimal 8174)
   defining Unicode char U+1FEF (decimal 8175)
   defining Unicode char U+1FF2 (decimal 8178)
   defining Unicode char U+1FF3 (decimal 8179)
   defining Unicode char U+1FF4 (decimal 8180)
   defining Unicode char U+1FF6 (decimal 8182)
   defining Unicode char U+1FF7 (decimal 8183)
   defining Unicode char U+1FF8 (decimal 8184)
   defining Unicode char U+1FF9 (decimal 8185)
   defining Unicode char U+1FFA (decimal 8186)
   defining Unicode char U+1FFB (decimal 8187)
   defining Unicode char U+1FFC (decimal 8188)
   defining Unicode char U+1FFD (decimal 8189)
   defining Unicode char U+1FFE (decimal 8190)
   defining Unicode char U+2013 (decimal 8211)
   defining Unicode char U+2014 (decimal 8212)
   defining Unicode char U+2018 (decimal 8216)
   defining Unicode char U+2019 (decimal 8217)
   defining Unicode char U+201A (decimal 8218)
   defining Unicode char U+2030 (decimal 8240)
   defining Unicode char U+2039 (decimal 8249)
   defining Unicode char U+203A (decimal 8250)
   defining Unicode char U+20AC (decimal 8364)
   defining Unicode char U+2126 (decimal 8486)
   defining Unicode char U+10144 (decimal 65860)
   defining Unicode char U+10145 (decimal 65861)
   defining Unicode char U+10146 (decimal 65862)
   defining Unicode char U+10147 (decimal 65863)
) (C:\Users\flo\AppData\Local\Programs\MiKTeX\tex/latex/greek-fontenc\greek-fontenc.def
File: greek-fontenc.def 2023-09-12 2.5 Common Greek font encoding definitions
))
Package textgreek Info: Loaded fontmap: {eur/*/*}{U/eur/*/*} {phv/*/*}{U/psy/*/*}. on input line 69.
) (C:\Users\flo\AppData\Local\Programs\MiKTeX\tex/latex/animate\animate.sty
Package: animate 2024/10/14 PDF & SVG animations from files and inline graphics
 (C:\Users\flo\AppData\Local\Programs\MiKTeX\tex/latex/oberdiek\ifdraft.sty
Package: ifdraft 2016/05/16 v1.4 Detect class options draft and final (HO)
) (C:\Users\flo\AppData\Local\Programs\MiKTeX\tex/latex/media9\pdfbase.sty
Package: pdfbase 2024/09/16 v0.59 driver independent access to low-level PDF features
\g_pbs_page_int=\count493
\g_pbs_oc_int=\count494
) (C:\Users\flo\AppData\Local\Programs\MiKTeX\tex/latex/zref\zref-abspage.sty
Package: zref-abspage 2025-06-08 v2.36 Module abspage for zref (HO)
 (C:\Users\flo\AppData\Local\Programs\MiKTeX\tex/latex/zref\zref-base.sty
Package: zref-base 2025-06-08 v2.36 Module base for zref (HO)
 (C:\Users\flo\AppData\Local\Programs\MiKTeX\tex/generic/etexcmds\etexcmds.sty
Package: etexcmds 2019/12/15 v1.7 Avoid name clashes with e-TeX commands (HO)
) (C:\Users\flo\AppData\Local\Programs\MiKTeX\tex/latex/auxhook\auxhook.sty
Package: auxhook 2019-12-17 v1.6 Hooks for auxiliary files (HO)
)
Package zref Info: New property list: main on input line 767.
Package zref Info: New property: default on input line 768.
Package zref Info: New property: page on input line 769.
)
\c@abspage=\count495
Package zref Info: New property: abspage on input line 67.
) (C:\Users\flo\AppData\Local\Programs\MiKTeX\tex/latex/ocgx2\ocgbase.sty
Package: ocgbase 2024/09/15 v0.24 support package for ocgx2.sty
)
\@anim@box=\box83
\@anim@measbox=\box84
\@anim@tmpdima=\dimen311
\@anim@tmpdimb=\dimen312
\@anim@num=\count496
\@anim@curframe=\count497
\@anim@curframe@zb=\count498
\@anim@resizeflags=\count499
\@anim@skipfram=\count500
\@anim@mulframecnt=\count501
\@anim@@tmlnfile=\read5
\@anim@tmpcnt=\count502
\c@@anim@ltxcnt=\count503
\@anim@curlayer=\count504
\@anim@lineno=\count505
\@anim@curfield=\count506
\@anim@@resizeflags=\count507
) (C:\Users\flo\AppData\Local\Programs\MiKTeX\tex/latex/caption\caption.sty
Package: caption 2023/08/05 v3.6o Customizing captions (AR)
 (C:\Users\flo\AppData\Local\Programs\MiKTeX\tex/latex/caption\caption3.sty
Package: caption3 2023/07/31 v2.4d caption3 kernel (AR)
\caption@tempdima=\dimen313
\captionmargin=\dimen314
\caption@leftmargin=\dimen315
\caption@rightmargin=\dimen316
\caption@width=\dimen317
\caption@indent=\dimen318
\caption@parindent=\dimen319
\caption@hangindent=\dimen320
Package caption Info: beamer document class detected.
 (C:\Users\flo\AppData\Local\Programs\MiKTeX\tex/latex/caption\caption-beamer.sto
File: caption-beamer.sto 2022/01/06 v2.0c Adaption of the caption package to the beamer document classes (AR)
))
\c@caption@flags=\count508
\c@continuedfloat=\count509
Package caption Info: hyperref package is loaded.
Package caption Info: Hyperref support is turned off
(caption)             because hyperref has stopped early.
)
Package csquotes Info: Checking for multilingual support...
Package csquotes Info: ... found 'babel' package.
Package csquotes Info: Adjusting default style.
Package csquotes Info: Redefining alias 'default' -> 'ngerman'.
LaTeX Font Info:    Trying to load font information for T1+FiraSans-OsF on input line 89.
 (C:\Users\flo\AppData\Local\Programs\MiKTeX\tex/latex/fira\t1firasans-osf.fd
File: T1FiraSans-OsF.fd 2019/10/10 (autoinst) Font definitions for T1/FiraSans-OsF.
)
LaTeX Font Info:    Font shape `T1/FiraSans-OsF/m/n' in size <10.95> not available
(Font)              Font shape `T1/FiraSans-OsF/regular/n' tried instead on input line 89.
LaTeX Font Info:    Font shape `T1/FiraSans-OsF/regular/n' will be
(Font)              scaled to size 10.95pt on input line 89.
 (praes.aux)
\openout1 = `praes.aux'.

LaTeX Font Info:    Checking defaults for OML/cmm/m/it on input line 89.
LaTeX Font Info:    ... okay on input line 89.
LaTeX Font Info:    Checking defaults for OMS/cmsy/m/n on input line 89.
LaTeX Font Info:    ... okay on input line 89.
LaTeX Font Info:    Checking defaults for OT1/cmr/m/n on input line 89.
LaTeX Font Info:    ... okay on input line 89.
LaTeX Font Info:    Checking defaults for T1/cmr/m/n on input line 89.
LaTeX Font Info:    ... okay on input line 89.
LaTeX Font Info:    Checking defaults for TS1/cmr/m/n on input line 89.
LaTeX Font Info:    ... okay on input line 89.
LaTeX Font Info:    Checking defaults for OMX/cmex/m/n on input line 89.
LaTeX Font Info:    ... okay on input line 89.
LaTeX Font Info:    Checking defaults for U/cmr/m/n on input line 89.
LaTeX Font Info:    ... okay on input line 89.
LaTeX Font Info:    Checking defaults for PD1/pdf/m/n on input line 89.
LaTeX Font Info:    ... okay on input line 89.
LaTeX Font Info:    Checking defaults for PU/pdf/m/n on input line 89.
LaTeX Font Info:    ... okay on input line 89.
LaTeX Font Info:    Checking defaults for LGR/cmr/m/n on input line 89.
LaTeX Font Info:    Trying to load font information for LGR+cmr on input line 89.
 (C:\Users\flo\AppData\Local\Programs\MiKTeX\tex/latex/cbfonts-fd\lgrcmr.fd
File: lgrcmr.fd 2017/07/29 v1.2 Greek European Computer Regular
)
LaTeX Font Info:    ... okay on input line 89.

*geometry* driver: auto-detecting
*geometry* detected driver: pdftex
*geometry* verbose mode - [ preamble ] result:
* driver: pdftex
* paper: custom
* layout: <same size as paper>
* layoutoffset:(h,v)=(0.0pt,0.0pt)
* modes: includehead includefoot 
* h-part:(L,W,R)=(28.45274pt, 398.3386pt, 28.45274pt)
* v-part:(T,H,B)=(0.0pt, 256.0748pt, 0.0pt)
* \paperwidth=455.24408pt
* \paperheight=256.0748pt
* \textwidth=398.3386pt
* \textheight=227.62207pt
* \oddsidemargin=-43.81725pt
* \evensidemargin=-43.81725pt
* \topmargin=-72.26999pt
* \headheight=14.22636pt
* \headsep=0.0pt
* \topskip=11.0pt
* \footskip=14.22636pt
* \marginparwidth=4.0pt
* \marginparsep=10.0pt
* \columnsep=10.0pt
* \skip\footins=10.0pt plus 4.0pt minus 2.0pt
* \hoffset=0.0pt
* \voffset=0.0pt
* \mag=1000
* \@twocolumnfalse
* \@twosidefalse
* \@mparswitchfalse
* \@reversemarginfalse
* (1in=72.27pt=25.4mm, 1cm=28.453pt)

(C:\Users\flo\AppData\Local\Programs\MiKTeX\tex/context/base/mkii\supp-pdf.mkii
[Loading MPS to PDF converter (version 2006.09.02).]
\scratchcounter=\count510
\scratchdimen=\dimen321
\scratchbox=\box85
\nofMPsegments=\count511
\nofMParguments=\count512
\everyMPshowfont=\toks53
\MPscratchCnt=\count513
\MPscratchDim=\dimen322
\MPnumerator=\count514
\makeMPintoPDFobject=\count515
\everyMPtoPDFconversion=\toks54
) (C:\Users\flo\AppData\Local\Programs\MiKTeX\tex/latex/epstopdf-pkg\epstopdf-base.sty
Package: epstopdf-base 2020-01-24 v2.11 Base part for package epstopdf
Package epstopdf-base Info: Redefining graphics rule for `.eps' on input line 485.
 (C:\Users\flo\AppData\Local\Programs\MiKTeX\tex/latex/00miktex\epstopdf-sys.cfg
File: epstopdf-sys.cfg 2021/03/18 v2.0 Configuration of epstopdf for MiKTeX
))
Package hyperref Info: Link coloring OFF on input line 89.
 (praes.out) (praes.out)
\@outlinefile=\write6
\openout6 = `praes.out'.

 (C:\Users\flo\AppData\Local\Programs\MiKTeX\tex/latex/translator\translator-basic-dictionary-English.dict
Dictionary: translator-basic-dictionary, Language: English 
) (C:\Users\flo\AppData\Local\Programs\MiKTeX\tex/latex/translator\translator-bibliography-dictionary-English.dict
Dictionary: translator-bibliography-dictionary, Language: English 
) (C:\Users\flo\AppData\Local\Programs\MiKTeX\tex/latex/translator\translator-environment-dictionary-English.dict
Dictionary: translator-environment-dictionary, Language: English 
) (C:\Users\flo\AppData\Local\Programs\MiKTeX\tex/latex/translator\translator-months-dictionary-English.dict
Dictionary: translator-months-dictionary, Language: English 
) (C:\Users\flo\AppData\Local\Programs\MiKTeX\tex/latex/translator\translator-numbers-dictionary-English.dict
Dictionary: translator-numbers-dictionary, Language: English 
) (C:\Users\flo\AppData\Local\Programs\MiKTeX\tex/latex/translator\translator-theorem-dictionary-English.dict
Dictionary: translator-theorem-dictionary, Language: English 
)
\c@mv@tabular=\count516
\c@mv@boldtabular=\count517
Package biblatex Info: Trying to load language 'ngerman'...
Package biblatex Info: ... file 'ngerman.lbx' found.
 (C:\Users\flo\AppData\Local\Programs\MiKTeX\tex/latex/biblatex/lbx\ngerman.lbx
File: ngerman.lbx 2024/03/21 v3.20 biblatex localization (PK/MW)
Package biblatex Info: Trying to load language 'german'...
Package biblatex Info: ... file 'german.lbx' found.
 (C:\Users\flo\AppData\Local\Programs\MiKTeX\tex/latex/biblatex/lbx\german.lbx
File: german.lbx 2024/03/21 v3.20 biblatex localization (PK/MW)
)
Package biblatex Info: Trying to load language 'german'...
Package biblatex Info: ... file 'german.lbx' found.
 (C:\Users\flo\AppData\Local\Programs\MiKTeX\tex/latex/biblatex/lbx\german.lbx
File: german.lbx 2024/03/21 v3.20 biblatex localization (PK/MW)
))
Package biblatex Info: Input encoding 'utf8' detected.
Package biblatex Info: Automatic encoding selection.
(biblatex)             Assuming data encoding 'utf8'.
\openout5 = `praes.bcf'.

Package biblatex Info: Trying to load bibliographic data...
Package biblatex Info: ... file 'praes.bbl' found.
 (praes.bbl)
Package biblatex Info: Reference section=0 on input line 89.
Package biblatex Info: Reference segment=0 on input line 89.
Package caption Info: Begin \AtBeginDocument code.
Package caption Info: End \AtBeginDocument code.
 (praes.nav)
LaTeX Font Info:    Font shape `T1/FiraSans-OsF/m/n' in size <6> not available
(Font)              Font shape `T1/FiraSans-OsF/regular/n' tried instead on input line 89.
LaTeX Font Info:    Font shape `T1/FiraSans-OsF/regular/n' will be
(Font)              scaled to size 6.0pt on input line 89.
LaTeX Font Info:    Font shape `T1/FiraSans-OsF/m/n' in size <8> not available
(Font)              Font shape `T1/FiraSans-OsF/regular/n' tried instead on input line 89.
LaTeX Font Info:    Font shape `T1/FiraSans-OsF/regular/n' will be
(Font)              scaled to size 8.0pt on input line 89.
LaTeX Font Info:    Font shape `T1/FiraSans-OsF/m/it' in size <6> not available
(Font)              Font shape `T1/FiraSans-OsF/regular/it' tried instead on input line 102.
LaTeX Font Info:    Font shape `T1/FiraSans-OsF/regular/it' will be
(Font)              scaled to size 6.0pt on input line 102.


[1

{C:/Users/flo/AppData/Local/MiKTeX/fonts/map/pdftex/pdftex.map}{C:/Users/flo/AppData/Local/Programs/MiKTeX/fonts/enc/dvips/fira/fir_iln36p.enc}]
<Images/Copilot_20250706_224005.png, id=55, 1541.76pt x 1027.84pt>
File: Images/Copilot_20250706_224005.png Graphic file (type png)
<use Images/Copilot_20250706_224005.png>
Package pdftex.def Info: Images/Copilot_20250706_224005.png  used on input line 102.
(pdftex.def)             Requested size: 358.50229pt x 239.0017pt.


[2

 <./Images/Copilot_20250706_224005.png (PNG copy)>]
<Images/Copilot_20250706_215901.png, id=62, 1541.76pt x 1027.84pt>
File: Images/Copilot_20250706_215901.png Graphic file (type png)
<use Images/Copilot_20250706_215901.png>
Package pdftex.def Info: Images/Copilot_20250706_215901.png  used on input line 102.
(pdftex.def)             Requested size: 358.50229pt x 239.0017pt.


[3

 <./Images/Copilot_20250706_215901.png (PNG copy)>]
<Images/jlu_logo.jpg, id=69, 432.86719pt x 258.9675pt>
File: Images/jlu_logo.jpg Graphic file (type jpg)
<use Images/jlu_logo.jpg>
Package pdftex.def Info: Images/jlu_logo.jpg  used on input line 121.
(pdftex.def)             Requested size: 57.0673pt x 34.14322pt.

Overfull \vbox (27.59047pt too high) detected at line 121
 []

LaTeX Font Info:    Font shape `T1/FiraSans-OsF/m/n' in size <14.4> not available
(Font)              Font shape `T1/FiraSans-OsF/regular/n' tried instead on input line 121.
LaTeX Font Info:    Font shape `T1/FiraSans-OsF/regular/n' will be
(Font)              scaled to size 14.4pt on input line 121.
LaTeX Font Info:    Font shape `T1/FiraSans-OsF/b/n' in size <14.4> not available
(Font)              Font shape `T1/FiraSans-OsF/bold/n' tried instead on input line 121.
LaTeX Font Info:    Font shape `T1/FiraSans-OsF/bold/n' will be
(Font)              scaled to size 14.4pt on input line 121.
LaTeX Font Info:    Font shape `T1/FiraSans-OsF/m/n' in size <12> not available
(Font)              Font shape `T1/FiraSans-OsF/regular/n' tried instead on input line 121.
LaTeX Font Info:    Font shape `T1/FiraSans-OsF/regular/n' will be
(Font)              scaled to size 12.0pt on input line 121.
LaTeX Font Info:    Font shape `T1/FiraSans-OsF/m/n' in size <10> not available
(Font)              Font shape `T1/FiraSans-OsF/regular/n' tried instead on input line 121.
LaTeX Font Info:    Font shape `T1/FiraSans-OsF/regular/n' will be
(Font)              scaled to size 10.0pt on input line 121.
LaTeX Font Info:    Font shape `T1/FiraSans-OsF/b/n' in size <8> not available
(Font)              Font shape `T1/FiraSans-OsF/bold/n' tried instead on input line 121.
LaTeX Font Info:    Font shape `T1/FiraSans-OsF/bold/n' will be
(Font)              scaled to size 8.0pt on input line 121.

Underfull \hbox (badness 10000) in paragraph at lines 121--121

 []



[4

 <./Images/jlu_logo.jpg>] (praes.toc)
LaTeX Font Info:    Font shape `T1/FiraSans-OsF/b/n' in size <12> not available
(Font)              Font shape `T1/FiraSans-OsF/bold/n' tried instead on input line 127.
LaTeX Font Info:    Font shape `T1/FiraSans-OsF/bold/n' will be
(Font)              scaled to size 12.0pt on input line 127.


LaTeX Font Info:    Font shape `T1/FiraSans-OsF/m/n' in size <4> not available
(Font)              Font shape `T1/FiraSans-OsF/regular/n' tried instead on input line 127.
LaTeX Font Info:    Font shape `T1/FiraSans-OsF/regular/n' will be
(Font)              scaled to size 4.0pt on input line 127.

pdfTeX warning (ext4): destination with the same identifier (name{Navigation1}) has been already used, duplicate ignored
<to be read again> 
                   \relax 
l.127     \end{frame}
                     
pdfTeX warning (ext4): destination with the same identifier (name{page.1}) has been already used, duplicate ignored
<to be read again> 
                   \relax 
l.127     \end{frame}
                      [1

]
LaTeX Font Info:    Trying to load font information for U+msa on input line 139.
 (C:\Users\flo\AppData\Local\Programs\MiKTeX\tex/latex/amsfonts\umsa.fd
File: umsa.fd 2013/01/14 v3.01 AMS symbols A
)
LaTeX Font Info:    Trying to load font information for U+msb on input line 139.
 (C:\Users\flo\AppData\Local\Programs\MiKTeX\tex/latex/amsfonts\umsb.fd
File: umsb.fd 2013/01/14 v3.01 AMS symbols B
)


pdfTeX warning (ext4): destination with the same identifier (name{Navigation2}) has been already used, duplicate ignored
<to be read again> 
                   \relax 
l.139 ...on{Einführung in die nichtlineare Optik}
                                                  
pdfTeX warning (ext4): destination with the same identifier (name{page.2}) has been already used, duplicate ignored
<to be read again> 
                   \relax 
l.139 ...on{Einführung in die nichtlineare Optik}
                                                   [2

]
<Images/Fig.1 optics.jpeg, id=98, 508.14844pt x 127.97812pt>
File: Images/Fig.1 optics.jpeg Graphic file (type jpg)
<use Images/Fig.1 optics.jpeg>
Package pdftex.def Info: Images/Fig.1 optics.jpeg  used on input line 170.
(pdftex.def)             Requested size: 239.00558pt x 60.19463pt.
LaTeX Font Info:    Trying to load font information for TS1+FiraSans-OsF on input line 170.
 (C:\Users\flo\AppData\Local\Programs\MiKTeX\tex/latex/fira\ts1firasans-osf.fd
File: TS1FiraSans-OsF.fd 2019/10/10 (autoinst) Font definitions for TS1/FiraSans-OsF.
)
LaTeX Font Info:    Font shape `TS1/FiraSans-OsF/m/n' in size <10.95> not available
(Font)              Font shape `TS1/FiraSans-OsF/regular/n' tried instead on input line 170.
LaTeX Font Info:    Font shape `TS1/FiraSans-OsF/regular/n' will be
(Font)              scaled to size 10.95pt on input line 170.
LaTeX Font Info:    Font shape `T1/FiraSans-OsF/b/n' in size <10.95> not available
(Font)              Font shape `T1/FiraSans-OsF/bold/n' tried instead on input line 170.
LaTeX Font Info:    Font shape `T1/FiraSans-OsF/bold/n' will be
(Font)              scaled to size 10.95pt on input line 170.

Overfull \vbox (7.25313pt too high) detected at line 170
 []




pdfTeX warning (ext4): destination with the same identifier (name{Navigation3}) has been already used, duplicate ignored
<to be read again> 
                   \relax 
l.170 \end{frame}
                 
pdfTeX warning (ext4): destination with the same identifier (name{page.3}) has been already used, duplicate ignored
<to be read again> 
                   \relax 
l.170 \end{frame}
                  [3

{C:/Users/flo/AppData/Local/Programs/MiKTeX/fonts/enc/dvips/fira/fir_d67aat.enc} <./Images/Fig.1 optics.jpeg>]


pdfTeX warning (ext4): destination with the same identifier (name{Navigation4}) has been already used, duplicate ignored
<to be read again> 
                   \relax 
l.172 \section{Harmonische Generation}
                                      
pdfTeX warning (ext4): destination with the same identifier (name{page.4}) has been already used, duplicate ignored
<to be read again> 
                   \relax 
l.172 \section{Harmonische Generation}
                                       [4

]
<Images/Electron_asymmetric_motion_animation/frame001.png, id=116, 301.125pt x 150.5625pt>
File: Images/Electron_asymmetric_motion_animation/frame001.png Graphic file (type png)
<use Images/Electron_asymmetric_motion_animation/frame001.png>
Package pdftex.def Info: Images/Electron_asymmetric_motion_animation/frame001.png  used on input line 206.
(pdftex.def)             Requested size: 301.12425pt x 150.56212pt.
 <./Images/Electron_asymmetric_motion_animation/frame001.png> <a0,fr0>
<Images/Electron_asymmetric_motion_animation/frame002.png, id=121, 301.125pt x 150.5625pt>
File: Images/Electron_asymmetric_motion_animation/frame002.png Graphic file (type png)
<use Images/Electron_asymmetric_motion_animation/frame002.png>
Package pdftex.def Info: Images/Electron_asymmetric_motion_animation/frame002.png  used on input line 206.
(pdftex.def)             Requested size: 301.12425pt x 150.56212pt.
 <./Images/Electron_asymmetric_motion_animation/frame002.png> <a0,fr1>
<Images/Electron_asymmetric_motion_animation/frame003.png, id=125, 301.125pt x 150.5625pt>
File: Images/Electron_asymmetric_motion_animation/frame003.png Graphic file (type png)
<use Images/Electron_asymmetric_motion_animation/frame003.png>
Package pdftex.def Info: Images/Electron_asymmetric_motion_animation/frame003.png  used on input line 206.
(pdftex.def)             Requested size: 301.12425pt x 150.56212pt.
 <./Images/Electron_asymmetric_motion_animation/frame003.png> <a0,fr2>
<Images/Electron_asymmetric_motion_animation/frame004.png, id=129, 301.125pt x 150.5625pt>
File: Images/Electron_asymmetric_motion_animation/frame004.png Graphic file (type png)
<use Images/Electron_asymmetric_motion_animation/frame004.png>
Package pdftex.def Info: Images/Electron_asymmetric_motion_animation/frame004.png  used on input line 206.
(pdftex.def)             Requested size: 301.12425pt x 150.56212pt.
 <./Images/Electron_asymmetric_motion_animation/frame004.png> <a0,fr3>
<Images/Electron_asymmetric_motion_animation/frame005.png, id=133, 301.125pt x 150.5625pt>
File: Images/Electron_asymmetric_motion_animation/frame005.png Graphic file (type png)
<use Images/Electron_asymmetric_motion_animation/frame005.png>
Package pdftex.def Info: Images/Electron_asymmetric_motion_animation/frame005.png  used on input line 206.
(pdftex.def)             Requested size: 301.12425pt x 150.56212pt.
 <./Images/Electron_asymmetric_motion_animation/frame005.png> <a0,fr4>
<Images/Electron_asymmetric_motion_animation/frame006.png, id=137, 301.125pt x 150.5625pt>
File: Images/Electron_asymmetric_motion_animation/frame006.png Graphic file (type png)
<use Images/Electron_asymmetric_motion_animation/frame006.png>
Package pdftex.def Info: Images/Electron_asymmetric_motion_animation/frame006.png  used on input line 206.
(pdftex.def)             Requested size: 301.12425pt x 150.56212pt.
 <./Images/Electron_asymmetric_motion_animation/frame006.png> <a0,fr5>
<Images/Electron_asymmetric_motion_animation/frame007.png, id=141, 301.125pt x 150.5625pt>
File: Images/Electron_asymmetric_motion_animation/frame007.png Graphic file (type png)
<use Images/Electron_asymmetric_motion_animation/frame007.png>
Package pdftex.def Info: Images/Electron_asymmetric_motion_animation/frame007.png  used on input line 206.
(pdftex.def)             Requested size: 301.12425pt x 150.56212pt.
 <./Images/Electron_asymmetric_motion_animation/frame007.png> <a0,fr6>
<Images/Electron_asymmetric_motion_animation/frame008.png, id=145, 301.125pt x 150.5625pt>
File: Images/Electron_asymmetric_motion_animation/frame008.png Graphic file (type png)
<use Images/Electron_asymmetric_motion_animation/frame008.png>
Package pdftex.def Info: Images/Electron_asymmetric_motion_animation/frame008.png  used on input line 206.
(pdftex.def)             Requested size: 301.12425pt x 150.56212pt.
 <./Images/Electron_asymmetric_motion_animation/frame008.png> <a0,fr7>
<Images/Electron_asymmetric_motion_animation/frame009.png, id=149, 301.125pt x 150.5625pt>
File: Images/Electron_asymmetric_motion_animation/frame009.png Graphic file (type png)
<use Images/Electron_asymmetric_motion_animation/frame009.png>
Package pdftex.def Info: Images/Electron_asymmetric_motion_animation/frame009.png  used on input line 206.
(pdftex.def)             Requested size: 301.12425pt x 150.56212pt.
 <./Images/Electron_asymmetric_motion_animation/frame009.png> <a0,fr8>
<Images/Electron_asymmetric_motion_animation/frame010.png, id=153, 301.125pt x 150.5625pt>
File: Images/Electron_asymmetric_motion_animation/frame010.png Graphic file (type png)
<use Images/Electron_asymmetric_motion_animation/frame010.png>
Package pdftex.def Info: Images/Electron_asymmetric_motion_animation/frame010.png  used on input line 206.
(pdftex.def)             Requested size: 301.12425pt x 150.56212pt.
 <./Images/Electron_asymmetric_motion_animation/frame010.png> <a0,fr9>
<Images/Electron_asymmetric_motion_animation/frame011.png, id=157, 301.125pt x 150.5625pt>
File: Images/Electron_asymmetric_motion_animation/frame011.png Graphic file (type png)
<use Images/Electron_asymmetric_motion_animation/frame011.png>
Package pdftex.def Info: Images/Electron_asymmetric_motion_animation/frame011.png  used on input line 206.
(pdftex.def)             Requested size: 301.12425pt x 150.56212pt.
 <./Images/Electron_asymmetric_motion_animation/frame011.png> <a0,fr10>
<Images/Electron_asymmetric_motion_animation/frame012.png, id=161, 301.125pt x 150.5625pt>
File: Images/Electron_asymmetric_motion_animation/frame012.png Graphic file (type png)
<use Images/Electron_asymmetric_motion_animation/frame012.png>
Package pdftex.def Info: Images/Electron_asymmetric_motion_animation/frame012.png  used on input line 206.
(pdftex.def)             Requested size: 301.12425pt x 150.56212pt.
 <./Images/Electron_asymmetric_motion_animation/frame012.png> <a0,fr11>
<Images/Electron_asymmetric_motion_animation/frame013.png, id=165, 301.125pt x 150.5625pt>
File: Images/Electron_asymmetric_motion_animation/frame013.png Graphic file (type png)
<use Images/Electron_asymmetric_motion_animation/frame013.png>
Package pdftex.def Info: Images/Electron_asymmetric_motion_animation/frame013.png  used on input line 206.
(pdftex.def)             Requested size: 301.12425pt x 150.56212pt.
 <./Images/Electron_asymmetric_motion_animation/frame013.png> <a0,fr12>
<Images/Electron_asymmetric_motion_animation/frame014.png, id=169, 301.125pt x 150.5625pt>
File: Images/Electron_asymmetric_motion_animation/frame014.png Graphic file (type png)
<use Images/Electron_asymmetric_motion_animation/frame014.png>
Package pdftex.def Info: Images/Electron_asymmetric_motion_animation/frame014.png  used on input line 206.
(pdftex.def)             Requested size: 301.12425pt x 150.56212pt.
 <./Images/Electron_asymmetric_motion_animation/frame014.png> <a0,fr13>
<Images/Electron_asymmetric_motion_animation/frame015.png, id=173, 301.125pt x 150.5625pt>
File: Images/Electron_asymmetric_motion_animation/frame015.png Graphic file (type png)
<use Images/Electron_asymmetric_motion_animation/frame015.png>
Package pdftex.def Info: Images/Electron_asymmetric_motion_animation/frame015.png  used on input line 206.
(pdftex.def)             Requested size: 301.12425pt x 150.56212pt.
 <./Images/Electron_asymmetric_motion_animation/frame015.png> <a0,fr14>
<Images/Electron_asymmetric_motion_animation/frame016.png, id=177, 301.125pt x 150.5625pt>
File: Images/Electron_asymmetric_motion_animation/frame016.png Graphic file (type png)
<use Images/Electron_asymmetric_motion_animation/frame016.png>
Package pdftex.def Info: Images/Electron_asymmetric_motion_animation/frame016.png  used on input line 206.
(pdftex.def)             Requested size: 301.12425pt x 150.56212pt.
 <./Images/Electron_asymmetric_motion_animation/frame016.png> <a0,fr15>
<Images/Electron_asymmetric_motion_animation/frame017.png, id=181, 301.125pt x 150.5625pt>
File: Images/Electron_asymmetric_motion_animation/frame017.png Graphic file (type png)
<use Images/Electron_asymmetric_motion_animation/frame017.png>
Package pdftex.def Info: Images/Electron_asymmetric_motion_animation/frame017.png  used on input line 206.
(pdftex.def)             Requested size: 301.12425pt x 150.56212pt.
 <./Images/Electron_asymmetric_motion_animation/frame017.png> <a0,fr16>
<Images/Electron_asymmetric_motion_animation/frame018.png, id=185, 301.125pt x 150.5625pt>
File: Images/Electron_asymmetric_motion_animation/frame018.png Graphic file (type png)
<use Images/Electron_asymmetric_motion_animation/frame018.png>
Package pdftex.def Info: Images/Electron_asymmetric_motion_animation/frame018.png  used on input line 206.
(pdftex.def)             Requested size: 301.12425pt x 150.56212pt.
 <./Images/Electron_asymmetric_motion_animation/frame018.png> <a0,fr17>
<Images/Electron_asymmetric_motion_animation/frame019.png, id=189, 301.125pt x 150.5625pt>
File: Images/Electron_asymmetric_motion_animation/frame019.png Graphic file (type png)
<use Images/Electron_asymmetric_motion_animation/frame019.png>
Package pdftex.def Info: Images/Electron_asymmetric_motion_animation/frame019.png  used on input line 206.
(pdftex.def)             Requested size: 301.12425pt x 150.56212pt.
 <./Images/Electron_asymmetric_motion_animation/frame019.png> <a0,fr18>
<Images/Electron_asymmetric_motion_animation/frame020.png, id=193, 301.125pt x 150.5625pt>
File: Images/Electron_asymmetric_motion_animation/frame020.png Graphic file (type png)
<use Images/Electron_asymmetric_motion_animation/frame020.png>
Package pdftex.def Info: Images/Electron_asymmetric_motion_animation/frame020.png  used on input line 206.
(pdftex.def)             Requested size: 301.12425pt x 150.56212pt.
 <./Images/Electron_asymmetric_motion_animation/frame020.png> <a0,fr19>
<Images/Electron_asymmetric_motion_animation/frame021.png, id=197, 301.125pt x 150.5625pt>
File: Images/Electron_asymmetric_motion_animation/frame021.png Graphic file (type png)
<use Images/Electron_asymmetric_motion_animation/frame021.png>
Package pdftex.def Info: Images/Electron_asymmetric_motion_animation/frame021.png  used on input line 206.
(pdftex.def)             Requested size: 301.12425pt x 150.56212pt.
 <./Images/Electron_asymmetric_motion_animation/frame021.png> <a0,fr20>
<Images/Electron_asymmetric_motion_animation/frame022.png, id=201, 301.125pt x 150.5625pt>
File: Images/Electron_asymmetric_motion_animation/frame022.png Graphic file (type png)
<use Images/Electron_asymmetric_motion_animation/frame022.png>
Package pdftex.def Info: Images/Electron_asymmetric_motion_animation/frame022.png  used on input line 206.
(pdftex.def)             Requested size: 301.12425pt x 150.56212pt.
 <./Images/Electron_asymmetric_motion_animation/frame022.png> <a0,fr21>
<Images/Electron_asymmetric_motion_animation/frame023.png, id=205, 301.125pt x 150.5625pt>
File: Images/Electron_asymmetric_motion_animation/frame023.png Graphic file (type png)
<use Images/Electron_asymmetric_motion_animation/frame023.png>
Package pdftex.def Info: Images/Electron_asymmetric_motion_animation/frame023.png  used on input line 206.
(pdftex.def)             Requested size: 301.12425pt x 150.56212pt.
 <./Images/Electron_asymmetric_motion_animation/frame023.png> <a0,fr22>
<Images/Electron_asymmetric_motion_animation/frame024.png, id=209, 301.125pt x 150.5625pt>
File: Images/Electron_asymmetric_motion_animation/frame024.png Graphic file (type png)
<use Images/Electron_asymmetric_motion_animation/frame024.png>
Package pdftex.def Info: Images/Electron_asymmetric_motion_animation/frame024.png  used on input line 206.
(pdftex.def)             Requested size: 301.12425pt x 150.56212pt.
 <./Images/Electron_asymmetric_motion_animation/frame024.png> <a0,fr23>
<Images/Electron_asymmetric_motion_animation/frame025.png, id=213, 301.125pt x 150.5625pt>
File: Images/Electron_asymmetric_motion_animation/frame025.png Graphic file (type png)
<use Images/Electron_asymmetric_motion_animation/frame025.png>
Package pdftex.def Info: Images/Electron_asymmetric_motion_animation/frame025.png  used on input line 206.
(pdftex.def)             Requested size: 301.12425pt x 150.56212pt.
 <./Images/Electron_asymmetric_motion_animation/frame025.png> <a0,fr24>
<Images/Electron_asymmetric_motion_animation/frame026.png, id=217, 301.125pt x 150.5625pt>
File: Images/Electron_asymmetric_motion_animation/frame026.png Graphic file (type png)
<use Images/Electron_asymmetric_motion_animation/frame026.png>
Package pdftex.def Info: Images/Electron_asymmetric_motion_animation/frame026.png  used on input line 206.
(pdftex.def)             Requested size: 301.12425pt x 150.56212pt.
 <./Images/Electron_asymmetric_motion_animation/frame026.png> <a0,fr25>
<Images/Electron_asymmetric_motion_animation/frame027.png, id=221, 301.125pt x 150.5625pt>
File: Images/Electron_asymmetric_motion_animation/frame027.png Graphic file (type png)
<use Images/Electron_asymmetric_motion_animation/frame027.png>
Package pdftex.def Info: Images/Electron_asymmetric_motion_animation/frame027.png  used on input line 206.
(pdftex.def)             Requested size: 301.12425pt x 150.56212pt.
 <./Images/Electron_asymmetric_motion_animation/frame027.png> <a0,fr26>
<Images/Electron_asymmetric_motion_animation/frame028.png, id=225, 301.125pt x 150.5625pt>
File: Images/Electron_asymmetric_motion_animation/frame028.png Graphic file (type png)
<use Images/Electron_asymmetric_motion_animation/frame028.png>
Package pdftex.def Info: Images/Electron_asymmetric_motion_animation/frame028.png  used on input line 206.
(pdftex.def)             Requested size: 301.12425pt x 150.56212pt.
 <./Images/Electron_asymmetric_motion_animation/frame028.png> <a0,fr27>
<Images/Electron_asymmetric_motion_animation/frame029.png, id=229, 301.125pt x 150.5625pt>
File: Images/Electron_asymmetric_motion_animation/frame029.png Graphic file (type png)
<use Images/Electron_asymmetric_motion_animation/frame029.png>
Package pdftex.def Info: Images/Electron_asymmetric_motion_animation/frame029.png  used on input line 206.
(pdftex.def)             Requested size: 301.12425pt x 150.56212pt.
 <./Images/Electron_asymmetric_motion_animation/frame029.png> <a0,fr28>
<Images/Electron_asymmetric_motion_animation/frame030.png, id=233, 301.125pt x 150.5625pt>
File: Images/Electron_asymmetric_motion_animation/frame030.png Graphic file (type png)
<use Images/Electron_asymmetric_motion_animation/frame030.png>
Package pdftex.def Info: Images/Electron_asymmetric_motion_animation/frame030.png  used on input line 206.
(pdftex.def)             Requested size: 301.12425pt x 150.56212pt.
 <./Images/Electron_asymmetric_motion_animation/frame030.png> <a0,fr29>
<Images/Electron_asymmetric_motion_animation/frame031.png, id=237, 301.125pt x 150.5625pt>
File: Images/Electron_asymmetric_motion_animation/frame031.png Graphic file (type png)
<use Images/Electron_asymmetric_motion_animation/frame031.png>
Package pdftex.def Info: Images/Electron_asymmetric_motion_animation/frame031.png  used on input line 206.
(pdftex.def)             Requested size: 301.12425pt x 150.56212pt.
 <./Images/Electron_asymmetric_motion_animation/frame031.png> <a0,fr30> <a0,fr31> <a0,fr32> <a0,fr33> <a0,fr34> <a0,fr35> <a0,fr36> <a0,fr37> <a0,fr38> <a0,fr39>
<Images/Electron_asymmetric_motion_animation/frame041.png, id=241, 301.125pt x 150.5625pt>
File: Images/Electron_asymmetric_motion_animation/frame041.png Graphic file (type png)
<use Images/Electron_asymmetric_motion_animation/frame041.png>
Package pdftex.def Info: Images/Electron_asymmetric_motion_animation/frame041.png  used on input line 206.
(pdftex.def)             Requested size: 301.12425pt x 150.56212pt.
 <./Images/Electron_asymmetric_motion_animation/frame041.png> <a0,fr40> <a0,fr41> <a0,fr42> <a0,fr43> <a0,fr44>
<Images/Electron_asymmetric_motion_animation/frame046.png, id=245, 301.125pt x 150.5625pt>
File: Images/Electron_asymmetric_motion_animation/frame046.png Graphic file (type png)
<use Images/Electron_asymmetric_motion_animation/frame046.png>
Package pdftex.def Info: Images/Electron_asymmetric_motion_animation/frame046.png  used on input line 206.
(pdftex.def)             Requested size: 301.12425pt x 150.56212pt.
 <./Images/Electron_asymmetric_motion_animation/frame046.png> <a0,fr45> <a0,fr46> <a0,fr47> <a0,fr48> <a0,fr49> <a0,fr50> <a0,fr51> <a0,fr52> <a0,fr53> <a0,fr54> <a0,fr55> <a0,fr56> <a0,fr57> <a0,fr58> <a0,fr59>
LaTeX Font Info:    Font shape `T1/FiraSans-OsF/m/sc' in size <6> not available
(Font)              Font shape `T1/FiraSans-OsF/regular/sc' tried instead on input line 206.
LaTeX Font Info:    Font shape `T1/FiraSans-OsF/regular/sc' will be
(Font)              scaled to size 6.0pt on input line 206.


[5

{C:/Users/flo/AppData/Local/Programs/MiKTeX/fonts/enc/dvips/fira/fir_2mfh3o.enc}{C:/Users/flo/AppData/Local/Programs/MiKTeX/fonts/enc/dvips/cm-super/cm-super-t1.enc}]
<Images/Nonlinear response.png, id=324, 370.38374pt x 560.0925pt>
File: Images/Nonlinear response.png Graphic file (type png)
<use Images/Nonlinear response.png>
Package pdftex.def Info: Images/Nonlinear response.png  used on input line 231.
(pdftex.def)             Requested size: 118.76823pt x 179.6045pt.
LaTeX Font Info:    Font shape `TS1/FiraSans-OsF/m/n' in size <10> not available
(Font)              Font shape `TS1/FiraSans-OsF/regular/n' tried instead on input line 231.
LaTeX Font Info:    Font shape `TS1/FiraSans-OsF/regular/n' will be
(Font)              scaled to size 10.0pt on input line 231.

Overfull \vbox (1.6808pt too high) detected at line 231
 []



[6

 <./Images/Nonlinear response.png>]
<Images/Schematic_of_the_SHG_conversion_of_an_excited_wave_in_a_non-linear_medium.png, id=335, 627.09282pt x 201.00093pt>
File: Images/Schematic_of_the_SHG_conversion_of_an_excited_wave_in_a_non-linear_medium.png Graphic file (type png)
<use Images/Schematic_of_the_SHG_conversion_of_an_excited_wave_in_a_non-linear_medium.png>
Package pdftex.def Info: Images/Schematic_of_the_SHG_conversion_of_an_excited_wave_in_a_non-linear_medium.png  used on input line 265.
(pdftex.def)             Requested size: 162.718pt x 52.15472pt.


[7

 <./Images/Schematic_of_the_SHG_conversion_of_an_excited_wave_in_a_non-linear_medium.png>]
<Images/shg.png, id=344, 913.16156pt x 317.68687pt>
File: Images/shg.png Graphic file (type png)
<use Images/shg.png>
Package pdftex.def Info: Images/shg.png  used on input line 302.
(pdftex.def)             Requested size: 234.22444pt x 81.4817pt.


[8

 <./Images/shg.png>]
<Images/thg.png, id=354, 931.22906pt x 336.50719pt>
File: Images/thg.png Graphic file (type png)
<use Images/thg.png>
Package pdftex.def Info: Images/thg.png  used on input line 336.
(pdftex.def)             Requested size: 174.07593pt x 62.89981pt.

Overfull \vbox (23.51912pt too high) detected at line 336
 []



[9

 <./Images/thg.png>]
<Images/pot_noncentrosym.png, id=364, 1120.9378pt x 568.37344pt>
File: Images/pot_noncentrosym.png Graphic file (type png)
<use Images/pot_noncentrosym.png>
Package pdftex.def Info: Images/pot_noncentrosym.png  used on input line 371.
(pdftex.def)             Requested size: 133.83998pt x 67.86363pt.
<Images/pot_centrosym.png, id=366, 989.94844pt x 545.78906pt>
File: Images/pot_centrosym.png Graphic file (type png)
<use Images/pot_centrosym.png>
Package pdftex.def Info: Images/pot_centrosym.png  used on input line 371.
(pdftex.def)             Requested size: 133.83998pt x 73.7866pt.

Overfull \vbox (17.79437pt too high) detected at line 371
 []



[10

 <./Images/pot_noncentrosym.png> <./Images/pot_centrosym.png>]
<Images/Phase Matching/imperfect001.png, id=377, 458.71375pt x 244.915pt>
File: Images/Phase Matching/imperfect001.png Graphic file (type png)
<use Images/Phase Matching/imperfect001.png>
Package pdftex.def Info: Images/Phase Matching/imperfect001.png  used on input line 400.
(pdftex.def)             Requested size: 458.71263pt x 244.91438pt.
 <./Images/Phase Matching/imperfect001.png> <a1,fr0>
<Images/Phase Matching/imperfect002.png, id=381, 458.71375pt x 244.915pt>
File: Images/Phase Matching/imperfect002.png Graphic file (type png)
<use Images/Phase Matching/imperfect002.png>
Package pdftex.def Info: Images/Phase Matching/imperfect002.png  used on input line 400.
(pdftex.def)             Requested size: 458.71263pt x 244.91438pt.
 <./Images/Phase Matching/imperfect002.png> <a1,fr1>
<Images/Phase Matching/imperfect003.png, id=385, 458.71375pt x 244.915pt>
File: Images/Phase Matching/imperfect003.png Graphic file (type png)
<use Images/Phase Matching/imperfect003.png>
Package pdftex.def Info: Images/Phase Matching/imperfect003.png  used on input line 400.
(pdftex.def)             Requested size: 458.71263pt x 244.91438pt.
 <./Images/Phase Matching/imperfect003.png> <a1,fr2>
<Images/Phase Matching/imperfect004.png, id=389, 458.71375pt x 244.915pt>
File: Images/Phase Matching/imperfect004.png Graphic file (type png)
<use Images/Phase Matching/imperfect004.png>
Package pdftex.def Info: Images/Phase Matching/imperfect004.png  used on input line 400.
(pdftex.def)             Requested size: 458.71263pt x 244.91438pt.
 <./Images/Phase Matching/imperfect004.png> <a1,fr3>
<Images/Phase Matching/imperfect005.png, id=393, 458.71375pt x 244.915pt>
File: Images/Phase Matching/imperfect005.png Graphic file (type png)
<use Images/Phase Matching/imperfect005.png>
Package pdftex.def Info: Images/Phase Matching/imperfect005.png  used on input line 400.
(pdftex.def)             Requested size: 458.71263pt x 244.91438pt.
 <./Images/Phase Matching/imperfect005.png> <a1,fr4>
<Images/Phase Matching/imperfect006.png, id=397, 458.71375pt x 244.915pt>
File: Images/Phase Matching/imperfect006.png Graphic file (type png)
<use Images/Phase Matching/imperfect006.png>
Package pdftex.def Info: Images/Phase Matching/imperfect006.png  used on input line 400.
(pdftex.def)             Requested size: 458.71263pt x 244.91438pt.
 <./Images/Phase Matching/imperfect006.png> <a1,fr5>
<Images/Phase Matching/imperfect007.png, id=401, 458.71375pt x 244.915pt>
File: Images/Phase Matching/imperfect007.png Graphic file (type png)
<use Images/Phase Matching/imperfect007.png>
Package pdftex.def Info: Images/Phase Matching/imperfect007.png  used on input line 400.
(pdftex.def)             Requested size: 458.71263pt x 244.91438pt.
 <./Images/Phase Matching/imperfect007.png> <a1,fr6>
<Images/Phase Matching/imperfect008.png, id=405, 458.71375pt x 244.915pt>
File: Images/Phase Matching/imperfect008.png Graphic file (type png)
<use Images/Phase Matching/imperfect008.png>
Package pdftex.def Info: Images/Phase Matching/imperfect008.png  used on input line 400.
(pdftex.def)             Requested size: 458.71263pt x 244.91438pt.
 <./Images/Phase Matching/imperfect008.png> <a1,fr7>
<Images/Phase Matching/imperfect009.png, id=409, 458.71375pt x 244.915pt>
File: Images/Phase Matching/imperfect009.png Graphic file (type png)
<use Images/Phase Matching/imperfect009.png>
Package pdftex.def Info: Images/Phase Matching/imperfect009.png  used on input line 400.
(pdftex.def)             Requested size: 458.71263pt x 244.91438pt.
 <./Images/Phase Matching/imperfect009.png> <a1,fr8>
<Images/Phase Matching/imperfect010.png, id=413, 458.71375pt x 244.915pt>
File: Images/Phase Matching/imperfect010.png Graphic file (type png)
<use Images/Phase Matching/imperfect010.png>
Package pdftex.def Info: Images/Phase Matching/imperfect010.png  used on input line 400.
(pdftex.def)             Requested size: 458.71263pt x 244.91438pt.
 <./Images/Phase Matching/imperfect010.png> <a1,fr9>
<Images/Phase Matching/imperfect011.png, id=417, 458.71375pt x 244.915pt>
File: Images/Phase Matching/imperfect011.png Graphic file (type png)
<use Images/Phase Matching/imperfect011.png>
Package pdftex.def Info: Images/Phase Matching/imperfect011.png  used on input line 400.
(pdftex.def)             Requested size: 458.71263pt x 244.91438pt.
 <./Images/Phase Matching/imperfect011.png> <a1,fr10>
<Images/Phase Matching/imperfect012.png, id=421, 458.71375pt x 244.915pt>
File: Images/Phase Matching/imperfect012.png Graphic file (type png)
<use Images/Phase Matching/imperfect012.png>
Package pdftex.def Info: Images/Phase Matching/imperfect012.png  used on input line 400.
(pdftex.def)             Requested size: 458.71263pt x 244.91438pt.
 <./Images/Phase Matching/imperfect012.png> <a1,fr11>
<Images/Phase Matching/imperfect013.png, id=425, 458.71375pt x 244.915pt>
File: Images/Phase Matching/imperfect013.png Graphic file (type png)
<use Images/Phase Matching/imperfect013.png>
Package pdftex.def Info: Images/Phase Matching/imperfect013.png  used on input line 400.
(pdftex.def)             Requested size: 458.71263pt x 244.91438pt.
 <./Images/Phase Matching/imperfect013.png> <a1,fr12>
<Images/Phase Matching/imperfect014.png, id=429, 458.71375pt x 244.915pt>
File: Images/Phase Matching/imperfect014.png Graphic file (type png)
<use Images/Phase Matching/imperfect014.png>
Package pdftex.def Info: Images/Phase Matching/imperfect014.png  used on input line 400.
(pdftex.def)             Requested size: 458.71263pt x 244.91438pt.
 <./Images/Phase Matching/imperfect014.png> <a1,fr13>
<Images/Phase Matching/imperfect015.png, id=433, 458.71375pt x 244.915pt>
File: Images/Phase Matching/imperfect015.png Graphic file (type png)
<use Images/Phase Matching/imperfect015.png>
Package pdftex.def Info: Images/Phase Matching/imperfect015.png  used on input line 400.
(pdftex.def)             Requested size: 458.71263pt x 244.91438pt.
 <./Images/Phase Matching/imperfect015.png> <a1,fr14>
<Images/Phase Matching/imperfect016.png, id=437, 458.71375pt x 244.915pt>
File: Images/Phase Matching/imperfect016.png Graphic file (type png)
<use Images/Phase Matching/imperfect016.png>
Package pdftex.def Info: Images/Phase Matching/imperfect016.png  used on input line 400.
(pdftex.def)             Requested size: 458.71263pt x 244.91438pt.
 <./Images/Phase Matching/imperfect016.png> <a1,fr15>
<Images/Phase Matching/imperfect017.png, id=441, 458.71375pt x 244.915pt>
File: Images/Phase Matching/imperfect017.png Graphic file (type png)
<use Images/Phase Matching/imperfect017.png>
Package pdftex.def Info: Images/Phase Matching/imperfect017.png  used on input line 400.
(pdftex.def)             Requested size: 458.71263pt x 244.91438pt.
 <./Images/Phase Matching/imperfect017.png> <a1,fr16>
<Images/Phase Matching/imperfect018.png, id=445, 458.71375pt x 244.915pt>
File: Images/Phase Matching/imperfect018.png Graphic file (type png)
<use Images/Phase Matching/imperfect018.png>
Package pdftex.def Info: Images/Phase Matching/imperfect018.png  used on input line 400.
(pdftex.def)             Requested size: 458.71263pt x 244.91438pt.
 <./Images/Phase Matching/imperfect018.png> <a1,fr17>
<Images/Phase Matching/imperfect019.png, id=449, 458.71375pt x 244.915pt>
File: Images/Phase Matching/imperfect019.png Graphic file (type png)
<use Images/Phase Matching/imperfect019.png>
Package pdftex.def Info: Images/Phase Matching/imperfect019.png  used on input line 400.
(pdftex.def)             Requested size: 458.71263pt x 244.91438pt.
 <./Images/Phase Matching/imperfect019.png> <a1,fr18>
<Images/Phase Matching/imperfect020.png, id=453, 458.71375pt x 244.915pt>
File: Images/Phase Matching/imperfect020.png Graphic file (type png)
<use Images/Phase Matching/imperfect020.png>
Package pdftex.def Info: Images/Phase Matching/imperfect020.png  used on input line 400.
(pdftex.def)             Requested size: 458.71263pt x 244.91438pt.
 <./Images/Phase Matching/imperfect020.png> <a1,fr19> <a1,fr20>

[11

]
<Images/Phase Matching/perfect001.png, id=487, 458.71375pt x 244.915pt>
File: Images/Phase Matching/perfect001.png Graphic file (type png)
<use Images/Phase Matching/perfect001.png>
Package pdftex.def Info: Images/Phase Matching/perfect001.png  used on input line 441.
(pdftex.def)             Requested size: 458.71263pt x 244.91438pt.
 <./Images/Phase Matching/perfect001.png> <a2,fr0>
<Images/Phase Matching/perfect002.png, id=491, 458.71375pt x 244.915pt>
File: Images/Phase Matching/perfect002.png Graphic file (type png)
<use Images/Phase Matching/perfect002.png>
Package pdftex.def Info: Images/Phase Matching/perfect002.png  used on input line 441.
(pdftex.def)             Requested size: 458.71263pt x 244.91438pt.
 <./Images/Phase Matching/perfect002.png> <a2,fr1>
<Images/Phase Matching/perfect003.png, id=495, 458.71375pt x 244.915pt>
File: Images/Phase Matching/perfect003.png Graphic file (type png)
<use Images/Phase Matching/perfect003.png>
Package pdftex.def Info: Images/Phase Matching/perfect003.png  used on input line 441.
(pdftex.def)             Requested size: 458.71263pt x 244.91438pt.
 <./Images/Phase Matching/perfect003.png> <a2,fr2>
<Images/Phase Matching/perfect004.png, id=499, 458.71375pt x 244.915pt>
File: Images/Phase Matching/perfect004.png Graphic file (type png)
<use Images/Phase Matching/perfect004.png>
Package pdftex.def Info: Images/Phase Matching/perfect004.png  used on input line 441.
(pdftex.def)             Requested size: 458.71263pt x 244.91438pt.
 <./Images/Phase Matching/perfect004.png> <a2,fr3>
<Images/Phase Matching/perfect005.png, id=503, 458.71375pt x 244.915pt>
File: Images/Phase Matching/perfect005.png Graphic file (type png)
<use Images/Phase Matching/perfect005.png>
Package pdftex.def Info: Images/Phase Matching/perfect005.png  used on input line 441.
(pdftex.def)             Requested size: 458.71263pt x 244.91438pt.
 <./Images/Phase Matching/perfect005.png> <a2,fr4>
<Images/Phase Matching/perfect006.png, id=507, 458.71375pt x 244.915pt>
File: Images/Phase Matching/perfect006.png Graphic file (type png)
<use Images/Phase Matching/perfect006.png>
Package pdftex.def Info: Images/Phase Matching/perfect006.png  used on input line 441.
(pdftex.def)             Requested size: 458.71263pt x 244.91438pt.
 <./Images/Phase Matching/perfect006.png> <a2,fr5>
<Images/Phase Matching/perfect007.png, id=511, 458.71375pt x 244.915pt>
File: Images/Phase Matching/perfect007.png Graphic file (type png)
<use Images/Phase Matching/perfect007.png>
Package pdftex.def Info: Images/Phase Matching/perfect007.png  used on input line 441.
(pdftex.def)             Requested size: 458.71263pt x 244.91438pt.
 <./Images/Phase Matching/perfect007.png> <a2,fr6>
<Images/Phase Matching/perfect008.png, id=515, 458.71375pt x 244.915pt>
File: Images/Phase Matching/perfect008.png Graphic file (type png)
<use Images/Phase Matching/perfect008.png>
Package pdftex.def Info: Images/Phase Matching/perfect008.png  used on input line 441.
(pdftex.def)             Requested size: 458.71263pt x 244.91438pt.
 <./Images/Phase Matching/perfect008.png> <a2,fr7>
<Images/Phase Matching/perfect009.png, id=519, 458.71375pt x 244.915pt>
File: Images/Phase Matching/perfect009.png Graphic file (type png)
<use Images/Phase Matching/perfect009.png>
Package pdftex.def Info: Images/Phase Matching/perfect009.png  used on input line 441.
(pdftex.def)             Requested size: 458.71263pt x 244.91438pt.
 <./Images/Phase Matching/perfect009.png> <a2,fr8>
<Images/Phase Matching/perfect010.png, id=523, 458.71375pt x 244.915pt>
File: Images/Phase Matching/perfect010.png Graphic file (type png)
<use Images/Phase Matching/perfect010.png>
Package pdftex.def Info: Images/Phase Matching/perfect010.png  used on input line 441.
(pdftex.def)             Requested size: 458.71263pt x 244.91438pt.
 <./Images/Phase Matching/perfect010.png> <a2,fr9>
<Images/Phase Matching/perfect011.png, id=527, 458.71375pt x 244.915pt>
File: Images/Phase Matching/perfect011.png Graphic file (type png)
<use Images/Phase Matching/perfect011.png>
Package pdftex.def Info: Images/Phase Matching/perfect011.png  used on input line 441.
(pdftex.def)             Requested size: 458.71263pt x 244.91438pt.
 <./Images/Phase Matching/perfect011.png> <a2,fr10>
<Images/Phase Matching/perfect012.png, id=531, 458.71375pt x 244.915pt>
File: Images/Phase Matching/perfect012.png Graphic file (type png)
<use Images/Phase Matching/perfect012.png>
Package pdftex.def Info: Images/Phase Matching/perfect012.png  used on input line 441.
(pdftex.def)             Requested size: 458.71263pt x 244.91438pt.
 <./Images/Phase Matching/perfect012.png> <a2,fr11>
<Images/Phase Matching/perfect013.png, id=535, 458.71375pt x 244.915pt>
File: Images/Phase Matching/perfect013.png Graphic file (type png)
<use Images/Phase Matching/perfect013.png>
Package pdftex.def Info: Images/Phase Matching/perfect013.png  used on input line 441.
(pdftex.def)             Requested size: 458.71263pt x 244.91438pt.
 <./Images/Phase Matching/perfect013.png> <a2,fr12>
<Images/Phase Matching/perfect014.png, id=539, 458.71375pt x 244.915pt>
File: Images/Phase Matching/perfect014.png Graphic file (type png)
<use Images/Phase Matching/perfect014.png>
Package pdftex.def Info: Images/Phase Matching/perfect014.png  used on input line 441.
(pdftex.def)             Requested size: 458.71263pt x 244.91438pt.
 <./Images/Phase Matching/perfect014.png> <a2,fr13>
<Images/Phase Matching/perfect015.png, id=543, 458.71375pt x 244.915pt>
File: Images/Phase Matching/perfect015.png Graphic file (type png)
<use Images/Phase Matching/perfect015.png>
Package pdftex.def Info: Images/Phase Matching/perfect015.png  used on input line 441.
(pdftex.def)             Requested size: 458.71263pt x 244.91438pt.
 <./Images/Phase Matching/perfect015.png> <a2,fr14>
<Images/Phase Matching/perfect016.png, id=547, 458.71375pt x 244.915pt>
File: Images/Phase Matching/perfect016.png Graphic file (type png)
<use Images/Phase Matching/perfect016.png>
Package pdftex.def Info: Images/Phase Matching/perfect016.png  used on input line 441.
(pdftex.def)             Requested size: 458.71263pt x 244.91438pt.
 <./Images/Phase Matching/perfect016.png> <a2,fr15>
<Images/Phase Matching/perfect017.png, id=551, 458.71375pt x 244.915pt>
File: Images/Phase Matching/perfect017.png Graphic file (type png)
<use Images/Phase Matching/perfect017.png>
Package pdftex.def Info: Images/Phase Matching/perfect017.png  used on input line 441.
(pdftex.def)             Requested size: 458.71263pt x 244.91438pt.
 <./Images/Phase Matching/perfect017.png> <a2,fr16>
<Images/Phase Matching/perfect018.png, id=555, 458.71375pt x 244.915pt>
File: Images/Phase Matching/perfect018.png Graphic file (type png)
<use Images/Phase Matching/perfect018.png>
Package pdftex.def Info: Images/Phase Matching/perfect018.png  used on input line 441.
(pdftex.def)             Requested size: 458.71263pt x 244.91438pt.
 <./Images/Phase Matching/perfect018.png> <a2,fr17>
<Images/Phase Matching/perfect019.png, id=559, 458.71375pt x 244.915pt>
File: Images/Phase Matching/perfect019.png Graphic file (type png)
<use Images/Phase Matching/perfect019.png>
Package pdftex.def Info: Images/Phase Matching/perfect019.png  used on input line 441.
(pdftex.def)             Requested size: 458.71263pt x 244.91438pt.
 <./Images/Phase Matching/perfect019.png> <a2,fr18>
<Images/Phase Matching/perfect020.png, id=563, 458.71375pt x 244.915pt>
File: Images/Phase Matching/perfect020.png Graphic file (type png)
<use Images/Phase Matching/perfect020.png>
Package pdftex.def Info: Images/Phase Matching/perfect020.png  used on input line 441.
(pdftex.def)             Requested size: 458.71263pt x 244.91438pt.
 <./Images/Phase Matching/perfect020.png> <a2,fr19> <a2,fr20>
Overfull \vbox (10.94226pt too high) detected at line 441
 []



[12

]

[13

]
<Images/Experimental-setup-measuring-SHG-and-THG-intensity-relative-to-laser-energy.png, id=605, 853.1875pt x 324.21124pt>
File: Images/Experimental-setup-measuring-SHG-and-THG-intensity-relative-to-laser-energy.png Graphic file (type png)
<use Images/Experimental-setup-measuring-SHG-and-THG-intensity-relative-to-laser-energy.png>
Package pdftex.def Info: Images/Experimental-setup-measuring-SHG-and-THG-intensity-relative-to-laser-energy.png  used on input line 473.
(pdftex.def)             Requested size: 162.718pt x 61.83328pt.


[14

 <./Images/Experimental-setup-measuring-SHG-and-THG-intensity-relative-to-laser-energy.png>]
<Images/PXL_20250318_131716572.NIGHT.jpg, id=615, 3011.25pt x 4015.0pt>
File: Images/PXL_20250318_131716572.NIGHT.jpg Graphic file (type jpg)
<use Images/PXL_20250318_131716572.NIGHT.jpg>
Package pdftex.def Info: Images/PXL_20250318_131716572.NIGHT.jpg  used on input line 499.
(pdftex.def)             Requested size: 135.17876pt x 180.27332pt.

Overfull \vbox (1.50461pt too high) detected at line 499
 []



[15

 <./Images/PXL_20250318_131716572.NIGHT.jpg>]

[16

]
<Images/THG-and-SHG-signals-in-the-zebrafish-embryo-during-cleavage-stages-A-Sagittal-THG.png, id=632, 853.1875pt x 517.935pt>
File: Images/THG-and-SHG-signals-in-the-zebrafish-embryo-during-cleavage-stages-A-Sagittal-THG.png Graphic file (type png)
<use Images/THG-and-SHG-signals-in-the-zebrafish-embryo-during-cleavage-stages-A-Sagittal-THG.png>
Package pdftex.def Info: Images/THG-and-SHG-signals-in-the-zebrafish-embryo-during-cleavage-stages-A-Sagittal-THG.png  used on input line 548.
(pdftex.def)             Requested size: 179.57286pt x 109.00664pt.


[17

 <./Images/THG-and-SHG-signals-in-the-zebrafish-embryo-during-cleavage-stages-A-Sagittal-THG.png>]

[18

]
LaTeX Font Info:    Font shape `T1/FiraSans-OsF/m/n' in size <24.88> not available
(Font)              Font shape `T1/FiraSans-OsF/regular/n' tried instead on input line 586.
LaTeX Font Info:    Font shape `T1/FiraSans-OsF/regular/n' will be
(Font)              scaled to size 24.88pt on input line 586.


[19

]

[20

]
<Images/shg vs tpa.png, id=658, 665.48625pt x 226.59656pt>
File: Images/shg vs tpa.png Graphic file (type png)
<use Images/shg vs tpa.png>
Package pdftex.def Info: Images/shg vs tpa.png  used on input line 642.
(pdftex.def)             Requested size: 218.60631pt x 74.43478pt.

Overfull \hbox (15.93086pt too wide) detected at line 642
[][][][][][][][][][][] [][][][][][][]
 []



[21

 <./Images/shg vs tpa.png>]
<Images/40EB55CB-B2EC-4C0E-BFFB-EA95D7FE419A.jpeg, id=669, 1178.4025pt x 780.9175pt>
File: Images/40EB55CB-B2EC-4C0E-BFFB-EA95D7FE419A.jpeg Graphic file (type jpg)
<use Images/40EB55CB-B2EC-4C0E-BFFB-EA95D7FE419A.jpeg>
Package pdftex.def Info: Images/40EB55CB-B2EC-4C0E-BFFB-EA95D7FE419A.jpeg  used on input line 642.
(pdftex.def)             Requested size: 178.45558pt x 118.25266pt.

Overfull \hbox (15.93086pt too wide) detected at line 642
[][][][][][][][][][][] [][][][][][][]
 []



[22

 <./Images/40EB55CB-B2EC-4C0E-BFFB-EA95D7FE419A.jpeg>]
<Images/seq_thg.png, id=678, 846.91406pt x 535.2497pt>
File: Images/seq_thg.png Graphic file (type png)
<use Images/seq_thg.png>
Package pdftex.def Info: Images/seq_thg.png  used on input line 675.
(pdftex.def)             Requested size: 187.37598pt x 118.41684pt.
<Images/hhg.png, id=680, 669.2503pt x 233.37187pt>
File: Images/hhg.png Graphic file (type png)
<use Images/hhg.png>
Package pdftex.def Info: Images/hhg.png  used on input line 675.
(pdftex.def)             Requested size: 187.37598pt x 65.3401pt.

Overfull \vbox (1.80132pt too high) detected at line 675
 []



[23

 <./Images/seq_thg.png> <./Images/hhg.png>]
<Images/sum-freq.png, id=690, 848.4197pt x 299.61937pt>
File: Images/sum-freq.png Graphic file (type png)
<use Images/sum-freq.png>
Package pdftex.def Info: Images/sum-freq.png  used on input line 712.
(pdftex.def)             Requested size: 187.37598pt x 66.17249pt.
<Images/diff-freq.png, id=692, 837.1275pt x 306.39468pt>
File: Images/diff-freq.png Graphic file (type png)
<use Images/diff-freq.png>
Package pdftex.def Info: Images/diff-freq.png  used on input line 712.
(pdftex.def)             Requested size: 187.37598pt x 68.5805pt.


[24

 <./Images/sum-freq.png> <./Images/diff-freq.png>]
<Images/propagation distance.png, id=702, 339.51843pt x 237.88875pt>
File: Images/propagation distance.png Graphic file (type png)
<use Images/propagation distance.png>
Package pdftex.def Info: Images/propagation distance.png  used on input line 739.
(pdftex.def)             Requested size: 89.67148pt x 62.83194pt.
<Images/surface-shg.png, id=704, 481.04718pt x 481.04718pt>
File: Images/surface-shg.png Graphic file (type png)
<use Images/surface-shg.png>
Package pdftex.def Info: Images/surface-shg.png  used on input line 739.
(pdftex.def)             Requested size: 103.22493pt x 103.22586pt.
<Images/wavevector mismatch.png, id=706, 503.63156pt x 277.78781pt>
File: Images/wavevector mismatch.png Graphic file (type png)
<use Images/wavevector mismatch.png>
Package pdftex.def Info: Images/wavevector mismatch.png  used on input line 739.
(pdftex.def)             Requested size: 113.91162pt x 62.83194pt.
<Images/PXL_20250227_153205340.jpg, id=708, 3011.25pt x 4015.0pt>
File: Images/PXL_20250227_153205340.jpg Graphic file (type jpg)
<use Images/PXL_20250227_153205340.jpg>
Package pdftex.def Info: Images/PXL_20250227_153205340.jpg  used on input line 739.
(pdftex.def)             Requested size: 84.13063pt x 112.2004pt.

Overfull \vbox (34.56451pt too high) detected at line 739
 []



[25

 <./Images/propagation distance.png> <./Images/surface-shg.png> <./Images/wavevector mismatch.png> <./Images/PXL_20250227_153205340.jpg>]
LaTeX Font Info:    Font shape `T1/FiraSans-OsF/b/it' in size <10.95> not available
(Font)              Font shape `T1/FiraSans-OsF/bold/it' tried instead on input line 744.
LaTeX Font Info:    Font shape `T1/FiraSans-OsF/bold/it' will be
(Font)              scaled to size 10.95pt on input line 744.
LaTeX Font Info:    Font shape `T1/FiraSans-OsF/b/n' in size <10> not available
(Font)              Font shape `T1/FiraSans-OsF/bold/n' tried instead on input line 744.
LaTeX Font Info:    Font shape `T1/FiraSans-OsF/bold/n' will be
(Font)              scaled to size 10.0pt on input line 744.
LaTeX Font Info:    Font shape `T1/FiraSans-OsF/m/sc' in size <10> not available
(Font)              Font shape `T1/FiraSans-OsF/regular/sc' tried instead on input line 744.
LaTeX Font Info:    Font shape `T1/FiraSans-OsF/regular/sc' will be
(Font)              scaled to size 10.0pt on input line 744.
LaTeX Font Info:    Font shape `T1/FiraSans-OsF/m/it' in size <10> not available
(Font)              Font shape `T1/FiraSans-OsF/regular/it' tried instead on input line 744.
LaTeX Font Info:    Font shape `T1/FiraSans-OsF/regular/it' will be
(Font)              scaled to size 10.0pt on input line 744.


[26

 <C:/Users/flo/AppData/Local/Programs/MiKTeX/tex/latex/beamer/beamericonarticle.pdf>]

[27


]

[28


]

[29


]

[30


]
\tf@nav=\write7
\openout7 = `praes.nav'.

\tf@toc=\write8
\openout8 = `praes.toc'.

\tf@snm=\write9
\openout9 = `praes.snm'.

 (praes.aux)
 ***********
LaTeX2e <2024-11-01> patch level 1
L3 programming layer <2024-12-09>
 ***********
Package rerunfilecheck Info: File `praes.out' has not changed.
(rerunfilecheck)             Checksum: 281D62CC1D4D9CFCC9EBFC9E119BC5C8;1392.
Package logreq Info: Writing requests to 'praes.run.xml'.
\openout1 = `praes.run.xml'.

 ) 
Here is how much of TeX's memory you used:
 40994 strings out of 473577
 866390 string characters out of 5717278
 1596472 words of memory out of 5000000
 63378 multiletter control sequences out of 15000+600000
 830202 words of font info for 103 fonts, out of 8000000 for 9000
 1143 hyphenation exceptions out of 8191
 128i,13n,123p,1990b,2463s stack positions out of 10000i,1000n,20000p,200000b,200000s
<C:/Users/flo/AppData/Local/Programs/MiKTeX/fonts/type1/public/fira/FiraSans-Bold.pfb><C:/Users/flo/AppData/Local/Programs/MiKTeX/fonts/type1/public/fira/FiraSans-BoldItalic.pfb><C:/Users/flo/AppData/Local/Programs/MiKTeX/fonts/type1/public/fira/FiraSans-Italic.pfb><C:/Users/flo/AppData/Local/Programs/MiKTeX/fonts/type1/public/fira/FiraSans-Regular.pfb><C:/Users/flo/AppData/Local/Programs/MiKTeX/fonts/type1/public/amsfonts/cm/cmmi10.pfb><C:/Users/flo/AppData/Local/Programs/MiKTeX/fonts/type1/public/amsfonts/cm/cmmi6.pfb><C:/Users/flo/AppData/Local/Programs/MiKTeX/fonts/type1/public/amsfonts/cm/cmmi8.pfb><C:/Users/flo/AppData/Local/Programs/MiKTeX/fonts/type1/public/amsfonts/cm/cmr10.pfb><C:/Users/flo/AppData/Local/Programs/MiKTeX/fonts/type1/public/amsfonts/cm/cmr6.pfb><C:/Users/flo/AppData/Local/Programs/MiKTeX/fonts/type1/public/amsfonts/cm/cmr7.pfb><C:/Users/flo/AppData/Local/Programs/MiKTeX/fonts/type1/public/amsfonts/cm/cmr8.pfb><C:/Users/flo/AppData/Local/Programs/MiKTeX/fonts/type1/public/amsfonts/cm/cmsy10.pfb><C:/Users/flo/AppData/Local/Programs/MiKTeX/fonts/type1/public/amsfonts/cm/cmsy8.pfb><C:/Users/flo/AppData/Local/Programs/MiKTeX/fonts/type1/public/amsfonts/symbols/msbm10.pfb><C:/Users/flo/AppData/Local/Programs/MiKTeX/fonts/type1/public/cm-super/sftt0800.pfb><C:/Users/flo/AppData/Local/Programs/MiKTeX/fonts/type1/public/cm-super/sftt1000.pfb>
Output written on praes.pdf (34 pages, 16370133 bytes).
PDF statistics:
 877 PDF objects out of 1000 (max. 8388607)
 82 named destinations out of 1000 (max. 500000)
 1065 words of extra memory for PDF output out of 10000 (max. 10000000)

